https://www.goodykitchen.com/ar/recipe/حلويات/,https://www.goodykitchen.com/ar/recipes/
https://www.goodykitchen.com/ar/recipes/apple-and-peach-nectar/,https://www.goodykitchen.com/ar/recipes/
https://www.goodykitchen.com/ar/recipes/balilah-with-hot-sauce/,https://www.goodykitchen.com/ar/recipes/
https://www.goodykitchen.com/ar/recipes/basbusa/,https://www.goodykitchen.com/ar/recipes/
https://www.goodykitchen.com/ar/recipes/cashew-chicken/,https://www.goodykitchen.com/ar/recipes/
https://www.goodykitchen.com/ar/recipes/english-banoffee-parfait/,https://www.goodykitchen.com/ar/recipes/
https://www.goodykitchen.com/ar/recipes/english-مكرونة-الأصداف-المكسيكية/,https://www.goodykitchen.com/ar/recipes/
https://www.goodykitchen.com/ar/recipes/foul-with-hummus/,https://www.goodykitchen.com/ar/recipes/
https://www.goodykitchen.com/ar/recipes/garlic-naan-bread/,https://www.goodykitchen.com/ar/recipes/
https://www.goodykitchen.com/ar/recipes/green-vermicelli-soup/,https://www.goodykitchen.com/ar/recipes/
https://www.goodykitchen.com/ar/recipes/kids-party-mini-sandwich/,https://www.goodykitchen.com/ar/recipes/
https://www.goodykitchen.com/ar/recipes/lemongrass-mussel-spaghetti/,https://www.goodykitchen.com/ar/recipes/
https://www.goodykitchen.com/ar/recipes/macaroni-conchiglioni-napolitana-sauce/,https://www.goodykitchen.com/ar/recipes/
https://www.goodykitchen.com/ar/recipes/merry-time-pasta-alfredo/,https://www.goodykitchen.com/ar/recipes/
https://www.goodykitchen.com/ar/recipes/roasted-chicken-thighs/,https://www.goodykitchen.com/ar/recipes/
https://www.goodykitchen.com/ar/recipes/shrimps-salad/,https://www.goodykitchen.com/ar/recipes/
https://www.goodykitchen.com/ar/recipes/sushi-roll-omelette-tortillas/,https://www.goodykitchen.com/ar/recipes/
https://www.goodykitchen.com/ar/recipes/thai-tuna-curry-stew/,https://www.goodykitchen.com/ar/recipes/
https://www.goodykitchen.com/ar/recipes/tuna-and-shrimp-casserole-with-potato/,https://www.goodykitchen.com/ar/recipes/
https://www.goodykitchen.com/ar/recipes/tuna-burger-2/,https://www.goodykitchen.com/ar/recipes/
https://www.goodykitchen.com/ar/recipes/أرز-بالبازيلا-والدجاج/,https://www.goodykitchen.com/ar/recipes/
https://www.goodykitchen.com/ar/recipes/أصابع-السپرينغ-رول-بزبدة-الفول-السوداني/,https://www.goodykitchen.com/ar/recipes/
https://www.goodykitchen.com/ar/recipes/أقماع-التونة-والدجاج-بالمايونيز/,https://www.goodykitchen.com/ar/recipes/
https://www.goodykitchen.com/ar/recipes/أكواب‭-‬زبدة‭-‬الفول-السوداني‭-‬والشوكولاتة‬‬‬‬‬‬‬‬‬/,https://www.goodykitchen.com/ar/recipes/
https://www.goodykitchen.com/ar/recipes/الأرز-بالبقدونس-والكاري-مع-حليب-جوز-الهند/,https://www.goodykitchen.com/ar/recipes/
https://www.goodykitchen.com/ar/recipes/الاسباكيتي-الآسيوية/,https://www.goodykitchen.com/ar/recipes/
https://www.goodykitchen.com/ar/recipes/الباستا-بالخضار/,https://www.goodykitchen.com/ar/recipes/
https://www.goodykitchen.com/ar/recipes/التوست‭-‬الفرنسي‭-‬مع‭-‬الخوخ‬‬‬‬‬‬/,https://www.goodykitchen.com/ar/recipes/
https://www.goodykitchen.com/ar/recipes/الجمبري-بالصوص-الحار-على-الطريقة-الصينية/,https://www.goodykitchen.com/ar/recipes/
https://www.goodykitchen.com/ar/recipes/الدجاج-ومكرونة-خواتم-والبروكلي-في-صلصة-الطماطم/,https://www.goodykitchen.com/ar/recipes/
https://www.goodykitchen.com/ar/recipes/الستيك-مع-مكرونة-الانابيب-على-الطريقة-الشرقية/,https://www.goodykitchen.com/ar/recipes/
https://www.goodykitchen.com/ar/recipes/باستا-الباذنجان-الكعكة-السمراء/,https://www.goodykitchen.com/ar/recipes/
https://www.goodykitchen.com/ar/recipes/بيتزا‭-‬يونانية‬‬/,https://www.goodykitchen.com/ar/recipes/
https://www.goodykitchen.com/ar/recipes/تارت-التيراميسو-0/,https://www.goodykitchen.com/ar/recipes/
https://www.goodykitchen.com/ar/recipes/تارت‭-‬الحمص/,https://www.goodykitchen.com/ar/recipes/
https://www.goodykitchen.com/ar/recipes/تشيلي-كون-كارني/,https://www.goodykitchen.com/ar/recipes/
https://www.goodykitchen.com/ar/recipes/ساندوتش-التونة-بالكرفس-و-البصل/,https://www.goodykitchen.com/ar/recipes/
https://www.goodykitchen.com/ar/recipes/سلطة-المكرونة-بالتونة/,https://www.goodykitchen.com/ar/recipes/
https://www.goodykitchen.com/ar/recipes/سلطتك‭-‬في‭-‬مرطبان-سلطة‭-‬المكرونة‬‬/,https://www.goodykitchen.com/ar/recipes/
https://www.goodykitchen.com/ar/recipes/شوربة-البطاطا-الحلوة-مع-مكرونة-الفراشات/,https://www.goodykitchen.com/ar/recipes/
https://www.goodykitchen.com/ar/recipes/شوربة-البطاطس-بالجبنة-مع-مكرونة-الحروف-والأرقام/,https://www.goodykitchen.com/ar/recipes/
https://www.goodykitchen.com/ar/recipes/شوربة-مكرونة-و-الدجاج/,https://www.goodykitchen.com/ar/recipes/
https://www.goodykitchen.com/ar/recipes/صدور-الدجاج-بالصلصة-البيضاء-مع-البطاطا-البوريه/,https://www.goodykitchen.com/ar/recipes/
https://www.goodykitchen.com/ar/recipes/عصير-العنب-الأحمر-بالتوت-و-الحبق/عصير-العنب-الأحمر-بالتوت-و-الحبق,https://www.goodykitchen.com/ar/recipes/
https://www.goodykitchen.com/ar/recipes/فول‭-‬مدمس‭-‬مع‭-‬الزعتر‬‬‬‬‬‬/,https://www.goodykitchen.com/ar/recipes/
https://www.goodykitchen.com/ar/recipes/كب-كيك-لحفلة-التخرج/,https://www.goodykitchen.com/ar/recipes/
https://www.goodykitchen.com/ar/recipes/كوكيز‭-‬الفول-‬السوداني‭-‬‬‬‬‬/,https://www.goodykitchen.com/ar/recipes/
https://www.goodykitchen.com/ar/recipes/لفائف‭-‬الجمبري‭-‬المشوي‭-‬بالذرة‭-‬‬‬‬‬‬‬‬‬/,https://www.goodykitchen.com/ar/recipes/
https://www.goodykitchen.com/ar/recipes/مكرونة-الاقلام-المخططة-بالصوص-الهندي-الحار/,https://www.goodykitchen.com/ar/recipes/
https://www.goodykitchen.com/ar/recipes/مكرونة-الدجاج-مع-صلصة-الطرخون-الكريمية/,https://www.goodykitchen.com/ar/recipes/
https://www.goodykitchen.com/ar/recipes/مكرونة-بالأعشاب-والموتزاريللا/,https://www.goodykitchen.com/ar/recipes/
https://www.goodykitchen.com/ar/recipes/مكرونة-فيتوتشيني-مع-صلصة-كريمة-الفطرالبري/,https://www.goodykitchen.com/ar/recipes/
https://www.goodykitchen.com/ar/recipes/ميني‭-‬ساندويتش‭-‬لحفلة‭-‬الأطفال‬‬‬‬‬‬/,https://www.goodykitchen.com/ar/recipes/
https://www.goodykitchen.com/ar/recipes/وقت‭-‬المرح‭-‬مع‭-‬المكرونة‬‬‬‬‬‬‬‬‬-إسباقيتي‭-‬نابوليتانا‬‬‬/,https://www.goodykitchen.com/ar/recipes/
https://www.goodykitchen.com/ar/search-recipes/,https://www.goodykitchen.com/ar/recipes/
https://www.goodykitchen.com/ar/tag/chickens/,https://www.goodykitchen.com/ar/recipes/
https://www.goodykitchen.com/ar/tag/chicken-stock/,https://www.goodykitchen.com/ar/recipes/
https://www.goodykitchen.com/ar/tag/chick-peas/,https://www.goodykitchen.com/ar/recipes/
https://www.goodykitchen.com/ar/tag/chocolate-mousse/,https://www.goodykitchen.com/ar/recipes/
https://www.goodykitchen.com/ar/tag/drink/,https://www.goodykitchen.com/ar/recipes/
https://www.goodykitchen.com/ar/tag/dulce/,https://www.goodykitchen.com/ar/recipes/
https://www.goodykitchen.com/ar/tag/fava-beans/,https://www.goodykitchen.com/ar/recipes/
https://www.goodykitchen.com/ar/tag/greek/,https://www.goodykitchen.com/ar/recipes/
https://www.goodykitchen.com/ar/tag/lunch/,https://www.goodykitchen.com/ar/recipes/
https://www.goodykitchen.com/ar/tag/mayonnaise/,https://www.goodykitchen.com/ar/recipes/
https://www.goodykitchen.com/ar/tag/moroccan/,https://www.goodykitchen.com/ar/recipes/
https://www.goodykitchen.com/ar/tag/pina-colada/,https://www.goodykitchen.com/ar/recipes/
https://www.goodykitchen.com/ar/tag/red-kidney-beans/,https://www.goodykitchen.com/ar/recipes/
https://www.goodykitchen.com/ar/tag/routine/,https://www.goodykitchen.com/ar/recipes/
https://www.goodykitchen.com/ar/tag/سمك/,https://www.goodykitchen.com/ar/recipes/
https://www.goodykitchen.com/ar/tag/شوكلاتة/,https://www.goodykitchen.com/ar/recipes/
https://www.goodykitchen.com/ar/tag/فواكة/,https://www.goodykitchen.com/ar/recipes/
https://www.goodykitchen.com/ar/tag/مرقة-الدجاج/,https://www.goodykitchen.com/ar/recipes/
https://www.goodykitchen.com/ar/tag/موسمي/,https://www.goodykitchen.com/ar/recipes/
https://www.goodykitchen.com/ar/tag/وصفات-سهلة/,https://www.goodykitchen.com/ar/recipes/
https://www.goodykitchen.com/ar/tag/يوناني/,https://www.goodykitchen.com/ar/recipes/
https://www.goodykitchen.com/ar/videos/يوميات-سارة,https://www.goodykitchen.com/ar/recipes/
https://www.goodykitchen.com/ar/تسالي‭-‬مخبوزة‬‬‬/,https://www.goodykitchen.com/ar/recipes/
https://www.goodykitchen.com/en/academy/sweet-bite-course-21-dec,https://www.goodykitchen.com/en/recipes/
https://www.goodykitchen.com/en/ingredients/baked/,https://www.goodykitchen.com/en/recipes/
https://www.goodykitchen.com/en/meal/فطور/,https://www.goodykitchen.com/en/recipes/
https://www.goodykitchen.com/en/recipes/biryani-pasta/,https://www.goodykitchen.com/en/recipes/
https://www.goodykitchen.com/en/recipes/custard-kunafa-strawberry-syrup/,https://www.goodykitchen.com/en/recipes/
https://www.goodykitchen.com/en/recipes/lasagna-rolls/,https://www.goodykitchen.com/en/recipes/
https://www.goodykitchen.com/en/recipes/ma’soob/,https://www.goodykitchen.com/en/recipes/
https://www.goodykitchen.com/en/recipes/rice-and-pasta-uzi-yogurt/,https://www.goodykitchen.com/en/recipes/
https://www.goodykitchen.com/en/recipes/salmon-cream-pepper/,https://www.goodykitchen.com/en/recipes/
https://www.goodykitchen.com/en/recipes/الأرز-الشرقي-بالروبيان-والدجاج/,https://www.goodykitchen.com/en/recipes/
https://www.goodykitchen.com/en/recipes/البرجر-المكسيكي/,https://www.goodykitchen.com/en/recipes/
https://www.goodykitchen.com/en/recipes/الفريكة-المفلفلة/,https://www.goodykitchen.com/en/recipes/
https://www.goodykitchen.com/en/recipes/بسكويت-الحليب-المكثف/,https://www.goodykitchen.com/en/recipes/
https://www.goodykitchen.com/en/recipes/عصير-العنب-الأحمر-بالليمون/,https://www.goodykitchen.com/en/recipes/
https://www.goodykitchen.com/en/tag/afghan/,https://www.goodykitchen.com/en/recipes/
https://www.goodykitchen.com/en/tag/chick-peas/,https://www.goodykitchen.com/en/recipes/
https://www.goodykitchen.com/en/tag/female-gatherings/,https://www.goodykitchen.com/en/recipes/
https://www.goodykitchen.com/en/tag/fnatural-vinegar/,https://www.goodykitchen.com/en/recipes/
https://www.goodykitchen.com/en/tag/hazelnut-chocolate/,https://www.goodykitchen.com/en/recipes/
https://www.goodykitchen.com/en/tag/pugh-pastry/,https://www.goodykitchen.com/en/recipes/
https://www.goodykitchen.com/en/tag/sandwich/,https://www.goodykitchen.com/en/recipes/
https://www.goodykitchen.com/en/tag/sandwiches/,https://www.goodykitchen.com/en/recipes/
https://www.goodykitchen.com/en/tag/summer/,https://www.goodykitchen.com/en/recipes/
https://www.goodykitchen.com/en/tag/tips/,https://www.goodykitchen.com/en/recipes/
https://www.goodykitchen.com/en/tag/tuna-recipes/,https://www.goodykitchen.com/en/recipes/
https://www.goodykitchen.com/en/tag/vegetable/,https://www.goodykitchen.com/en/recipes/
https://www.goodykitchen.com/en/tag/vegetarian/,https://www.goodykitchen.com/en/recipes/
https://www.goodykitchen.com/en/tag/vinegar/,https://www.goodykitchen.com/en/recipes/
https://www.goodykitchen.com/en/tag/weekend/,https://www.goodykitchen.com/en/recipes/
https://www.goodykitchen.com/en/tag/أعشاب/,https://www.goodykitchen.com/en/recipes/
https://www.goodykitchen.com/en/tag/جمعة-الشباب/,https://www.goodykitchen.com/en/recipes/
https://www.goodykitchen.com/en/tag/حب-الطعام/,https://www.goodykitchen.com/en/recipes/
https://www.goodykitchen.com/en/tag/خضار/,https://www.goodykitchen.com/en/recipes/
https://www.goodykitchen.com/en/tag/رمان/,https://www.goodykitchen.com/en/recipes/
https://www.goodykitchen.com/en/tag/فطور/,https://www.goodykitchen.com/en/recipes/
https://www.goodykitchen.com/en/tag/مشروبات/,https://www.goodykitchen.com/en/recipes/
https://www.goodykitchen.com/en/tag/نصائح-المطبخ/,https://www.goodykitchen.com/en/recipes/
