https://www.goodykitchen.com//gkmagazine/,https://www.goodykitchen.com/en/magazine/
https://www.goodykitchen.com//pasta,https://www.goodykitchen.com/en/pasta/
https://www.goodykitchen.com//recipe-1254-ar-حلى-القهوة-Coconut-Snowballs-26,https://www.goodykitchen.com/en/recipes/coconut-snowballs/
https://www.goodykitchen.com//recipe-1274-ar-شوربات-Vegetable-Vermicelli-Soup--2,https://www.goodykitchen.com/en/recipes/
https://www.goodykitchen.com//recipe-1345-ar-حلويات--Swiss-Roll-Cake-7,https://www.goodykitchen.com/en/recipes/
https://www.goodykitchen.com//recipe-1363-ar-وصفات-مكسيكية-Quick-Tex-Mex-Pipe-Rigate-50,https://www.goodykitchen.com/en/recipes/quick-tex-mex-pipe-rigate/
https://www.goodykitchen.com//recipe-60-ar-Sparkling-Ginger-Ice-Tea,https://www.goodykitchen.com/en/recipes/
https://www.goodykitchen.com//RecipePage.aspx?recID=1039&CatID=0&type=,https://www.goodykitchen.com/en/recipes/
https://www.goodykitchen.com//RecipiesEn.aspx?CatID=4&mem=0&type=3&ctl00_phMainContent_gvRecipiesChangePage=3,https://www.goodykitchen.com/en/recipes/
https://www.goodykitchen.com//SearchResults.aspx?key=بارميزان&dif=-1&ctl00_phMainContent_gvRecipiesChangePage=2,https://www.goodykitchen.com/en/recipes/
https://www.goodykitchen.com//SearchResultsEn.aspx?key=Salad&dif=-1&ctl00_phMainContent_gvRecipiesChangePage=5,https://www.goodykitchen.com/en/recipes/
https://www.goodykitchen.com/ar/410/feed/,https://www.goodykitchen.com/en/recipes/
https://www.goodykitchen.com/ar/about-goody-kitchen/,https://www.goodykitchen.com/en/goody-kitchen-stars/
https://www.goodykitchen.com/ar/about-us-goody/,https://www.goodykitchen.com/en/goody-kitchen-stars/
https://www.goodykitchen.com/ar/academy/,http://onlineacademy.goodykitchen.com/
https://www.goodykitchen.com/ar/academy/?ID=0&TopicID=147,http://onlineacademy.goodykitchen.com/
https://www.goodykitchen.com/ar/academy/old-gold-9?s=false,http://onlineacademy.goodykitchen.com/
https://www.goodykitchen.com/ar/academy/أبهري-ضيوفك-10,http://onlineacademy.goodykitchen.com/
https://www.goodykitchen.com/ar/academy/أبهري-ضيوفك-4,http://onlineacademy.goodykitchen.com/
https://www.goodykitchen.com/ar/academy/أبهري-ضيوفك-بأفكار-جديدة-لتحضير-السلطات-والسندويتشات-0,http://onlineacademy.goodykitchen.com/
https://www.goodykitchen.com/ar/academy/قديمك-نديمك-2?s=true,http://onlineacademy.goodykitchen.com/
https://www.goodykitchen.com/ar/academy/قديمك-نديمك-7-سبتمبر-0,http://onlineacademy.goodykitchen.com/
https://www.goodykitchen.com/ar/academy/كل-حكاية-وحلاها-22?s=true,http://onlineacademy.goodykitchen.com/
https://www.goodykitchen.com/ar/academy/كل-حكاية-وحلاها-9?s=true,http://onlineacademy.goodykitchen.com/
https://www.goodykitchen.com/ar/academy/مطبخك-غير-في-شهر-الخير-1?s=false,http://onlineacademy.goodykitchen.com/
https://www.goodykitchen.com/ar/academy/مطبخك-غير-في-شهر-الخير-11,http://onlineacademy.goodykitchen.com/
https://www.goodykitchen.com/ar/banner/moms-banner-ipadtablet?s=true,https://www.goodykitchen.com/ar/
https://www.goodykitchen.com/ar/banner/moms-banner-mobile?s=true,https://www.goodykitchen.com/ar/
https://www.goodykitchen.com/ar/comment/1526?s=true,https://www.goodykitchen.com/ar/
https://www.goodykitchen.com/ar/comment/1761,https://www.goodykitchen.com/ar/
https://www.goodykitchen.com/ar/comment/1816?s=true,https://www.goodykitchen.com/ar/
https://www.goodykitchen.com/ar/comment/reply/3535/1121,https://www.goodykitchen.com/ar/
https://www.goodykitchen.com/ar/comment/reply/3535/121,https://www.goodykitchen.com/ar/
https://www.goodykitchen.com/ar/comment/reply/3535/126,https://www.goodykitchen.com/ar/
https://www.goodykitchen.com/ar/comment/reply/3535/1271,https://www.goodykitchen.com/ar/
https://www.goodykitchen.com/ar/comment/reply/3535/1296,https://www.goodykitchen.com/ar/
https://www.goodykitchen.com/ar/comment/reply/3535/131,https://www.goodykitchen.com/ar/
https://www.goodykitchen.com/ar/comment/reply/3535/1416,https://www.goodykitchen.com/ar/
https://www.goodykitchen.com/ar/comment/reply/3535/1511,https://www.goodykitchen.com/ar/
https://www.goodykitchen.com/ar/comment/reply/3535/1556,https://www.goodykitchen.com/ar/
https://www.goodykitchen.com/ar/comment/reply/3535/1661,https://www.goodykitchen.com/ar/
https://www.goodykitchen.com/ar/comment/reply/3535/1716,https://www.goodykitchen.com/ar/
https://www.goodykitchen.com/ar/comment/reply/3535/276,https://www.goodykitchen.com/ar/
https://www.goodykitchen.com/ar/comment/reply/3535/581,https://www.goodykitchen.com/ar/
https://www.goodykitchen.com/ar/comment/reply/3535/706,https://www.goodykitchen.com/ar/
https://www.goodykitchen.com/ar/comment/reply/3789/1996,https://www.goodykitchen.com/ar/
https://www.goodykitchen.com/ar/comment/reply/4047/2186,https://www.goodykitchen.com/ar/
https://www.goodykitchen.com/ar/comment/reply/4047/2191,https://www.goodykitchen.com/ar/
https://www.goodykitchen.com/ar/comment/reply/4507/2296,https://www.goodykitchen.com/ar/
https://www.goodykitchen.com/ar/comment/reply/5129/1906,https://www.goodykitchen.com/ar/
https://www.goodykitchen.com/ar/comment/reply/8076/2401?s=true,https://www.goodykitchen.com/ar/
https://www.goodykitchen.com/ar/cookingtips/بنبتة-الصبار-في-مطبخك,https://www.goodykitchen.com/ar/blog/نصائح/
https://www.goodykitchen.com/ar/country/bulgaria,https://www.goodykitchen.com/ar/
https://www.goodykitchen.com/ar/country/canada,https://www.goodykitchen.com/ar/
https://www.goodykitchen.com/ar/country/norway,https://www.goodykitchen.com/ar/
https://www.goodykitchen.com/ar/country/sudan,https://www.goodykitchen.com/ar/
https://www.goodykitchen.com/ar/country/united-kingdom,https://www.goodykitchen.com/ar/
https://www.goodykitchen.com/ar/country/yemen,https://www.goodykitchen.com/ar/
https://www.goodykitchen.com/ar/english-register/,https://www.goodykitchen.com/ar/login/
https://www.goodykitchen.com/ar/english-registerhttps://goodykitchen.com/ar/english-register/,https://www.goodykitchen.com/ar/login/
https://www.goodykitchen.com/ar/english-tuna-baguette/,https://www.goodykitchen.com/ar/الوصفات/
https://www.goodykitchen.com/ar/explore-recipes/page/11/?recID=1407&type&CatID=10///////////////////,https://www.goodykitchen.com/ar/الوصفات/
https://www.goodykitchen.com/ar/explore-recipes/page/14/?recID=1407&type&CatID=10////////////////////,https://www.goodykitchen.com/ar/الوصفات/
https://www.goodykitchen.com/ar/explore-recipes/page/4/?recID=1407&type&CatID=10///////////////,https://www.goodykitchen.com/ar/الوصفات/
https://www.goodykitchen.com/ar/explore-recipes/page/5/?recID=1407&type&CatID=10///////////////////,https://www.goodykitchen.com/ar/الوصفات/
https://www.goodykitchen.com/ar/explore-recipes/page/84/?recID=1407&type&CatID=10////////////////////,https://www.goodykitchen.com/ar/الوصفات/
https://www.goodykitchen.com/ar/faq/ما-هي-تكلفة-الدورات؟,https://www.goodykitchen.com/ar/
https://www.goodykitchen.com/ar/faq/ما-هي-عدد-الأطباق-التي-سوف-يتم-شرحها؟?s=true,https://www.goodykitchen.com/ar/
https://www.goodykitchen.com/ar/faq/هل-يمكنني-إعادة-الدرس؟-0,https://www.goodykitchen.com/ar/
https://www.goodykitchen.com/ar/gk-tip-e-8_1/,https://www.goodykitchen.com/ar/blog/نصائح/
https://www.goodykitchen.com/ar/ingredients-sitemap.xml/,https://www.goodykitchen.com/ar/
https://www.goodykitchen.com/ar/ingridents/بره/,https://www.goodykitchen.com/ar/
https://www.goodykitchen.com/ar/joingkstars/,https://www.goodykitchen.com/ar/نجمات-مطبخ-قودي/
https://www.goodykitchen.com/ar/kitchen911/cooking-tips-more,https://www.goodykitchen.com/ar/blog/مطبخ-الطوارئ/
https://www.goodykitchen.com/ar/left-bottom/,https://www.goodykitchen.com/ar/
https://www.goodykitchen.com/ar/magazine/مجلة-2012/,https://www.goodykitchen.com/ar/%D8%A7%D9%84%D9%85%D8%AC%D9%84%D8%A9/
https://www.goodykitchen.com/ar/meal/عشاء/page/4/,https://www.goodykitchen.com/ar/الوصفات/
https://www.goodykitchen.com/ar/meal/عشاء/page/5/,https://www.goodykitchen.com/ar/الوصفات/
https://www.goodykitchen.com/ar/meal/عشاء/page/6/,https://www.goodykitchen.com/ar/الوصفات/
https://www.goodykitchen.com/ar/meal/عشاء/page/7/,https://www.goodykitchen.com/ar/الوصفات/
https://www.goodykitchen.com/ar/meal/عشاء/page/8/,https://www.goodykitchen.com/ar/الوصفات/
https://www.goodykitchen.com/ar/meal/عشاء?page=19/,https://www.goodykitchen.com/ar/الوصفات/
https://www.goodykitchen.com/ar/meal/غداء/page/11/,https://www.goodykitchen.com/ar/الوصفات/
https://www.goodykitchen.com/ar/meal/غداء/page/11/?page=8//////,https://www.goodykitchen.com/ar/الوصفات/
https://www.goodykitchen.com/ar/meal/غداء/page/12/,https://www.goodykitchen.com/ar/الوصفات/
https://www.goodykitchen.com/ar/meal/غداء/page/13/,https://www.goodykitchen.com/ar/الوصفات/
https://www.goodykitchen.com/ar/meal/غداء/page/18/,https://www.goodykitchen.com/ar/الوصفات/
https://www.goodykitchen.com/ar/meal/غداء/page/3/,https://www.goodykitchen.com/ar/الوصفات/
https://www.goodykitchen.com/ar/meal/غداء/page/4/,https://www.goodykitchen.com/ar/الوصفات/
https://www.goodykitchen.com/ar/meal/غداء/page/5/,https://www.goodykitchen.com/ar/الوصفات/
https://www.goodykitchen.com/ar/meal/غداء/page/6/,https://www.goodykitchen.com/ar/الوصفات/
https://www.goodykitchen.com/ar/meal/فطور/page/2/,https://www.goodykitchen.com/ar/الوصفات/
https://www.goodykitchen.com/ar/meal/فطور/page/3/,https://www.goodykitchen.com/ar/الوصفات/
https://www.goodykitchen.com/ar/meal/فطور/page/4/,https://www.goodykitchen.com/ar/الوصفات/
https://www.goodykitchen.com/ar/meal/فطور/page/5/,https://www.goodykitchen.com/ar/الوصفات/
https://www.goodykitchen.com/ar/meal/فطور/page/7/,https://www.goodykitchen.com/ar/الوصفات/
https://www.goodykitchen.com/ar/meal/فطور?page=5,https://www.goodykitchen.com/ar/الوصفات/
https://www.goodykitchen.com/ar/moms/?s=true,https://www.goodykitchen.com/ar/الوصفات/
https://www.goodykitchen.com/ar/moms/ذاكرة-الطفل/,https://www.goodykitchen.com/ar/الوصفات/
https://www.goodykitchen.com/ar/moms/صحة-الطفل?s=true,https://www.goodykitchen.com/ar/الوصفات/
https://www.goodykitchen.com/ar/node/315?s=true,https://www.goodykitchen.com/ar/الوصفات/
https://www.goodykitchen.com/ar/node/319,https://www.goodykitchen.com/ar/الوصفات/
https://www.goodykitchen.com/ar/node/3513,https://www.goodykitchen.com/ar/الوصفات/
https://www.goodykitchen.com/ar/node/3572,https://www.goodykitchen.com/ar/الوصفات/
https://www.goodykitchen.com/ar/node/3591,https://www.goodykitchen.com/ar/الوصفات/
https://www.goodykitchen.com/ar/node/386,https://www.goodykitchen.com/ar/الوصفات/
https://www.goodykitchen.com/ar/node/394,https://www.goodykitchen.com/ar/الوصفات/
https://www.goodykitchen.com/ar/node/4151,https://www.goodykitchen.com/ar/الوصفات/
https://www.goodykitchen.com/ar/node/6486,https://www.goodykitchen.com/ar/الوصفات/
https://www.goodykitchen.com/ar/node/6956,https://www.goodykitchen.com/ar/الوصفات/
https://www.goodykitchen.com/ar/node/7936?s=true,https://www.goodykitchen.com/ar/الوصفات/
https://www.goodykitchen.com/ar/node/8236,https://www.goodykitchen.com/ar/الوصفات/
https://www.goodykitchen.com/ar/page-sitemap.xml/,https://www.goodykitchen.com/ar/الوصفات/
https://www.goodykitchen.com/ar/pasta/,https://www.goodykitchen.com/ar/باستا/
https://www.goodykitchen.com/ar/peach-and-white-grape-iced-tea/,https://www.goodykitchen.com/ar/الوصفات/
https://www.goodykitchen.com/ar/pistachio-and-dried-apricot-bites/,https://www.goodykitchen.com/ar/الوصفات/
https://www.goodykitchen.com/ar/product/cofique/page/4/,https://www.goodykitchen.com/ar/كوفيك/
https://www.goodykitchen.com/ar/product/تونة/page/6/?page=1%2F/,https://www.goodykitchen.com/ar/تونة/
https://www.goodykitchen.com/ar/product/خردل/page/2/,https://www.goodykitchen.com/ar/توابل/
https://www.goodykitchen.com/ar/product/ذرة/page/5/?page=1%2F%2F//////////////////,https://www.goodykitchen.com/ar/الفواكه-والخضروات-المعلبة/
https://www.goodykitchen.com/ar/product/زبدة-الفول-السوداني,https://www.goodykitchen.com/ar/القابلة-للدهن/
https://www.goodykitchen.com/ar/product/شطّة-حارّة/page/2/,https://www.goodykitchen.com/ar/توابل/
https://www.goodykitchen.com/ar/product/شطّة-حارّة/page/3/,https://www.goodykitchen.com/ar/توابل/
https://www.goodykitchen.com/ar/product/صلصة-المكرونة/page/4/,https://www.goodykitchen.com/ar/باستا/
https://www.goodykitchen.com/ar/product/عسل/page/2/,https://www.goodykitchen.com/ar/منتجات-قودي/
https://www.goodykitchen.com/ar/product/فطر/page/5/,https://www.goodykitchen.com/ar/منتجات-قودي/
https://www.goodykitchen.com/ar/product/فول/,https://www.goodykitchen.com/ar/منتجات-قودي/
https://www.goodykitchen.com/ar/product/ڤيلور-حليب-مجفف/page/11/,https://www.goodykitchen.com/ar/منتجات-الألبان/
https://www.goodykitchen.com/ar/product/ڤيلور-حليب-مكثف-محلى/page/4/,https://www.goodykitchen.com/ar/منتجات-الألبان/
https://www.goodykitchen.com/ar/product/كوفيك/page/3/,https://www.goodykitchen.com/ar/منتجات-الألبان/
https://www.goodykitchen.com/ar/product/كوفيك/page/4/,https://www.goodykitchen.com/ar/منتجات-الألبان/
https://www.goodykitchen.com/ar/product/مایونز/page/2/,https://www.goodykitchen.com/ar/توابل/
https://www.goodykitchen.com/ar/product/مایونز/page/3/,https://www.goodykitchen.com/ar/توابل/
https://www.goodykitchen.com/ar/product/مایونز/page/4/,https://www.goodykitchen.com/ar/توابل/
https://www.goodykitchen.com/ar/product/مایونز/page/5/,https://www.goodykitchen.com/ar/توابل/
https://www.goodykitchen.com/ar/product/مایونز/page/7/,https://www.goodykitchen.com/ar/توابل/
https://www.goodykitchen.com/ar/product/مايونيز,https://www.goodykitchen.com/ar/توابل/
https://www.goodykitchen.com/ar/product/مايونيز/page/2/,https://www.goodykitchen.com/ar/توابل/
https://www.goodykitchen.com/ar/product/مايونيز/page/3/,https://www.goodykitchen.com/ar/توابل/
https://www.goodykitchen.com/ar/product/مايونيز/page/5/,https://www.goodykitchen.com/ar/توابل/
https://www.goodykitchen.com/ar/product/متبلات-السلطة/page/3/?page=1%2F%2F%2F%2F%2F%2F%2F%2F%2F%2F%2F%2F%2F%2F%2F%2F/////////,https://www.goodykitchen.com/ar/توابل/
https://www.goodykitchen.com/ar/product/متبلات-السلطة/page/4/,https://www.goodykitchen.com/ar/توابل/
https://www.goodykitchen.com/ar/products/الخردل,https://www.goodykitchen.com/ar/توابل/
https://www.goodykitchen.com/ar/products/الشطة-الحارة,https://www.goodykitchen.com/ar/الوصفات/
https://www.goodykitchen.com/ar/products/صلصة-المكرونة,https://www.goodykitchen.com/ar/باستا/
https://www.goodykitchen.com/ar/products/كوفيك,https://www.goodykitchen.com/ar/منتجات-الألبان/
https://www.goodykitchen.com/ar/products/مايونيز/,https://www.goodykitchen.com/ar/توابل/
https://www.goodykitchen.com/ar/recipe_with_steps/فطيرة-الأناناس/,https://www.goodykitchen.com/ar/الوصفات/
https://www.goodykitchen.com/ar/recipe_with_steps/فطيرة-السبانخ-والفطر/,https://www.goodykitchen.com/ar/الوصفات/
https://www.goodykitchen.com/ar/recipe-category/coffee-desserts,https://www.goodykitchen.com/ar/الوصفات/
https://www.goodykitchen.com/ar/recipe-category/حلويات/page/4/,https://www.goodykitchen.com/ar/الوصفات/
https://www.goodykitchen.com/ar/recipe-category/طبق-رئيسي/page/11/,https://www.goodykitchen.com/ar/الوصفات/
https://www.goodykitchen.com/ar/recipe-category/طبق-رئيسي/page/16/,https://www.goodykitchen.com/ar/الوصفات/
https://www.goodykitchen.com/ar/recipe-category/طبق-رئيسي/page/19/,https://www.goodykitchen.com/ar/الوصفات/
https://www.goodykitchen.com/ar/recipe-category/طبق-رئيسي/page/4/,https://www.goodykitchen.com/ar/الوصفات/
https://www.goodykitchen.com/ar/recipe-category/غذاهای-فرعی/page/3/,https://www.goodykitchen.com/ar/الوصفات/
https://www.goodykitchen.com/ar/recipes/bean-two-ways/,https://www.goodykitchen.com/ar/الوصفات/
https://www.goodykitchen.com/ar/recipes/cauliflower-soup-small-elbows-pasta/,https://www.goodykitchen.com/ar/الوصفات/
https://www.goodykitchen.com/ar/recipes/coconut-caramel-banana-cake/,https://www.goodykitchen.com/ar/recipes/شوربة-القرنبيط-مع-مكرونة-الأكواع-الصغ/
https://www.goodykitchen.com/ar/recipes/creamy-beets-spaghetti/,https://www.goodykitchen.com/ar/الوصفات/
https://www.goodykitchen.com/ar/recipes/date-pie/,https://www.goodykitchen.com/ar/الوصفات/
https://www.goodykitchen.com/ar/recipes/dates-chocolate-fudge-squares/,https://www.goodykitchen.com/ar/الوصفات/
https://www.goodykitchen.com/ar/recipes/english-roasted-cauliflower-lasagna/,https://www.goodykitchen.com/ar/الوصفات/
https://www.goodykitchen.com/ar/recipes/fava-beans-salad/,https://www.goodykitchen.com/ar/recipes/سلطة-الفول/
https://www.goodykitchen.com/ar/recipes/page/10/,https://www.goodykitchen.com/ar/الوصفات/
https://www.goodykitchen.com/ar/recipes/page/7/,https://www.goodykitchen.com/ar/الوصفات/
https://www.goodykitchen.com/ar/recipes/pasta-pie/,https://www.goodykitchen.com/ar/الوصفات/
https://www.goodykitchen.com/ar/recipes/peanut-butter-spring-rolls/,https://www.goodykitchen.com/ar/الوصفات/
https://www.goodykitchen.com/ar/recipes/tuna-sandwich/,https://www.goodykitchen.com/ar/recipes/قالب-الأرز-بالتونة-2/
https://www.goodykitchen.com/ar/recipes/إسباجيتي-مع-روبيان-بصلصة-الزبدة-والثو/,https://www.goodykitchen.com/ar/الوصفات/
https://www.goodykitchen.com/ar/recipes/الثريد-باللحم/feed/,https://www.goodykitchen.com/ar/الوصفات/
https://www.goodykitchen.com/ar/recipes/الدجاج-ومكرونة-خواتم-والبروكلي/,https://www.goodykitchen.com/ar/الوصفات/
https://www.goodykitchen.com/ar/recipes/الكانيلوني-بالحشوة-المكسيكية/,https://www.goodykitchen.com/ar/الوصفات/
https://www.goodykitchen.com/ar/recipes/آيس-كريم-النكهات/feed/,https://www.goodykitchen.com/ar/الوصفات/
https://www.goodykitchen.com/ar/recipes/برياني-الباستا/,https://www.goodykitchen.com/ar/الوصفات/
https://www.goodykitchen.com/ar/recipes/بيتزا-صحية-و-لذيذة/,https://www.goodykitchen.com/ar/الوصفات/
https://www.goodykitchen.com/ar/recipes/توست-تونة-و-بيض/feed/,https://www.goodykitchen.com/ar/الوصفات/
https://www.goodykitchen.com/ar/recipes/توست-فرنسي-مقلي-مع-الخوخ-والفراولة/feed/,https://www.goodykitchen.com/ar/الوصفات/
https://www.goodykitchen.com/ar/recipes/سلطة-الدجاج-و-البروكولي/feed/,https://www.goodykitchen.com/ar/الوصفات/
https://www.goodykitchen.com/ar/recipes/سلطة-توتي-فروتي-بالدجاج-المشوي-مع-الفواكه-الموسمية/,https://www.goodykitchen.com/ar/الوصفات/
https://www.goodykitchen.com/ar/recipes/شراب-البينا-كولادا/,https://www.goodykitchen.com/ar/الوصفات/
https://www.goodykitchen.com/ar/recipes/عجة-الباستا/feed/,https://www.goodykitchen.com/ar/الوصفات/
https://www.goodykitchen.com/ar/recipes/عصيرات/,https://www.goodykitchen.com/ar/الوصفات/
https://www.goodykitchen.com/ar/recipes/فتة-الملوخية/feed/,https://www.goodykitchen.com/ar/الوصفات/
https://www.goodykitchen.com/ar/recipes/كرواسان-التونة/,https://www.goodykitchen.com/ar/الوصفات/
https://www.goodykitchen.com/ar/recipes/كوزي-البوكاتيني-باللحم/feed/,https://www.goodykitchen.com/ar/الوصفات/
https://www.goodykitchen.com/ar/recipes/كوكيز‭-‬الفول-‬السوداني‭-‬‬/,https://www.goodykitchen.com/ar/الوصفات/
https://www.goodykitchen.com/ar/recipes/محشي-بالمعكرونة-باللبن-والكريمة-الحامضة/,https://www.goodykitchen.com/ar/الوصفات/
https://www.goodykitchen.com/ar/recipes/مقلوبة-الشعيرية-بالخضار/feed/,https://www.goodykitchen.com/ar/الوصفات/
https://www.goodykitchen.com/ar/recipes/مكرونة-أرابياتا-مع-لحم-ببرونيو-الفلفل-الأصفر/?s=true,https://www.goodykitchen.com/ar/الوصفات/
https://www.goodykitchen.com/ar/recipes/مكرونة-أكواع-مع-الروبيان-وصلصة-كريمة-ا/,https://www.goodykitchen.com/ar/الوصفات/
https://www.goodykitchen.com/ar/recipes/مكرونة-الأصداف-المكسيكية/?s=true,https://www.goodykitchen.com/ar/الوصفات/
https://www.goodykitchen.com/ar/recipes/مكرونة-القمح-الكامل-مع-الدجاج-بصلصة-الناپوليتانا/?s=false,https://www.goodykitchen.com/ar/الوصفات/
https://www.goodykitchen.com/ar/taxonomy/term/1001/all,https://www.goodykitchen.com/ar/
https://www.goodykitchen.com/ar/taxonomy/term/1091/all,https://www.goodykitchen.com/ar/
https://www.goodykitchen.com/ar/taxonomy/term/1181/all/feed?s=true,https://www.goodykitchen.com/ar/
https://www.goodykitchen.com/ar/taxonomy/term/1191/all,https://www.goodykitchen.com/ar/
https://www.goodykitchen.com/ar/taxonomy/term/1271/all,https://www.goodykitchen.com/ar/
https://www.goodykitchen.com/ar/taxonomy/term/1291/all,https://www.goodykitchen.com/ar/
https://www.goodykitchen.com/ar/taxonomy/term/1336/all,https://www.goodykitchen.com/ar/
https://www.goodykitchen.com/ar/taxonomy/term/134/all,https://www.goodykitchen.com/ar/
https://www.goodykitchen.com/ar/taxonomy/term/1386/all,https://www.goodykitchen.com/ar/
https://www.goodykitchen.com/ar/taxonomy/term/143/all,https://www.goodykitchen.com/ar/
https://www.goodykitchen.com/ar/taxonomy/term/1451/all,https://www.goodykitchen.com/ar/
https://www.goodykitchen.com/ar/taxonomy/term/151/all/feed?s=false,https://www.goodykitchen.com/ar/
https://www.goodykitchen.com/ar/taxonomy/term/1536/all,https://www.goodykitchen.com/ar/
https://www.goodykitchen.com/ar/taxonomy/term/158/all,https://www.goodykitchen.com/ar/
https://www.goodykitchen.com/ar/taxonomy/term/1586/all/feed?s=true,https://www.goodykitchen.com/ar/
https://www.goodykitchen.com/ar/taxonomy/term/1596/all,https://www.goodykitchen.com/ar/
https://www.goodykitchen.com/ar/taxonomy/term/160/all,https://www.goodykitchen.com/ar/
https://www.goodykitchen.com/ar/taxonomy/term/1606/all,https://www.goodykitchen.com/ar/
https://www.goodykitchen.com/ar/taxonomy/term/161/all,https://www.goodykitchen.com/ar/
https://www.goodykitchen.com/ar/taxonomy/term/164/all,https://www.goodykitchen.com/ar/
https://www.goodykitchen.com/ar/taxonomy/term/1641/all,https://www.goodykitchen.com/ar/
https://www.goodykitchen.com/ar/taxonomy/term/1716/all,https://www.goodykitchen.com/ar/
https://www.goodykitchen.com/ar/taxonomy/term/1716/all/feed?s=true,https://www.goodykitchen.com/ar/
https://www.goodykitchen.com/ar/taxonomy/term/173/all,https://www.goodykitchen.com/ar/
https://www.goodykitchen.com/ar/taxonomy/term/1761/all,https://www.goodykitchen.com/ar/
https://www.goodykitchen.com/ar/taxonomy/term/185/all,https://www.goodykitchen.com/ar/
https://www.goodykitchen.com/ar/taxonomy/term/1856/all/feed?s=true,https://www.goodykitchen.com/ar/
https://www.goodykitchen.com/ar/taxonomy/term/1871/all,https://www.goodykitchen.com/ar/
https://www.goodykitchen.com/ar/taxonomy/term/1926/all/,https://www.goodykitchen.com/ar/
https://www.goodykitchen.com/ar/taxonomy/term/1941/all,https://www.goodykitchen.com/ar/
https://www.goodykitchen.com/ar/taxonomy/term/2001/all,https://www.goodykitchen.com/ar/
https://www.goodykitchen.com/ar/taxonomy/term/2161/all,https://www.goodykitchen.com/ar/
https://www.goodykitchen.com/ar/taxonomy/term/2211/all,https://www.goodykitchen.com/ar/
https://www.goodykitchen.com/ar/taxonomy/term/2221/all,https://www.goodykitchen.com/ar/
https://www.goodykitchen.com/ar/taxonomy/term/2326/all,https://www.goodykitchen.com/ar/
https://www.goodykitchen.com/ar/taxonomy/term/2336/all,https://www.goodykitchen.com/ar/
https://www.goodykitchen.com/ar/taxonomy/term/2356/all,https://www.goodykitchen.com/ar/
https://www.goodykitchen.com/ar/taxonomy/term/2381/all,https://www.goodykitchen.com/ar/
https://www.goodykitchen.com/ar/taxonomy/term/2456/all,https://www.goodykitchen.com/ar/
https://www.goodykitchen.com/ar/taxonomy/term/2496/all,https://www.goodykitchen.com/ar/
https://www.goodykitchen.com/ar/taxonomy/term/269/all,https://www.goodykitchen.com/ar/
https://www.goodykitchen.com/ar/taxonomy/term/270/interactive_magazine/2013/mobile/index.html,https://www.goodykitchen.com/ar/
https://www.goodykitchen.com/ar/taxonomy/term/2706/all,https://www.goodykitchen.com/ar/
https://www.goodykitchen.com/ar/taxonomy/term/274,https://www.goodykitchen.com/ar/
https://www.goodykitchen.com/ar/taxonomy/term/274/kitchen911,https://www.goodykitchen.com/ar/
https://www.goodykitchen.com/ar/taxonomy/term/2796/all,https://www.goodykitchen.com/ar/
https://www.goodykitchen.com/ar/taxonomy/term/281/all/feed,https://www.goodykitchen.com/ar/
https://www.goodykitchen.com/ar/taxonomy/term/286/interactive_magazine/2013/mobile/index.html,https://www.goodykitchen.com/ar/
https://www.goodykitchen.com/ar/taxonomy/term/2921/all,https://www.goodykitchen.com/ar/
https://www.goodykitchen.com/ar/taxonomy/term/2936/all,https://www.goodykitchen.com/ar/
https://www.goodykitchen.com/ar/taxonomy/term/2941/all,https://www.goodykitchen.com/ar/
https://www.goodykitchen.com/ar/taxonomy/term/295/interactive_magazine/2013/mobile/index.html?page=8&s=true,https://www.goodykitchen.com/ar/
https://www.goodykitchen.com/ar/taxonomy/term/2976/all,https://www.goodykitchen.com/ar/
https://www.goodykitchen.com/ar/taxonomy/term/2981/all,https://www.goodykitchen.com/ar/
https://www.goodykitchen.com/ar/taxonomy/term/307/all/feed,https://www.goodykitchen.com/ar/
https://www.goodykitchen.com/ar/taxonomy/term/307/interactive_magazine/2013/mobile/index.html?page=3&s=true,https://www.goodykitchen.com/ar/
https://www.goodykitchen.com/ar/taxonomy/term/310/all/feed,https://www.goodykitchen.com/ar/
https://www.goodykitchen.com/ar/taxonomy/term/310/all/feed?s=false,https://www.goodykitchen.com/ar/
https://www.goodykitchen.com/ar/taxonomy/term/310/interactive_magazine/2013/mobile/index.html,https://www.goodykitchen.com/ar/
https://www.goodykitchen.com/ar/taxonomy/term/3116/all,https://www.goodykitchen.com/ar/
https://www.goodykitchen.com/ar/taxonomy/term/317/kitchen911,https://www.goodykitchen.com/ar/
https://www.goodykitchen.com/ar/taxonomy/term/320/all,https://www.goodykitchen.com/ar/
https://www.goodykitchen.com/ar/taxonomy/term/323/interactive_magazine/2013/mobile/index.html?s=false,https://www.goodykitchen.com/ar/
https://www.goodykitchen.com/ar/taxonomy/term/328/all/feed?s=false,https://www.goodykitchen.com/ar/
https://www.goodykitchen.com/ar/taxonomy/term/332/all/feed?s=true,https://www.goodykitchen.com/ar/
https://www.goodykitchen.com/ar/taxonomy/term/335/all,https://www.goodykitchen.com/ar/
https://www.goodykitchen.com/ar/taxonomy/term/357/all,https://www.goodykitchen.com/ar/
https://www.goodykitchen.com/ar/taxonomy/term/451/all,https://www.goodykitchen.com/ar/
https://www.goodykitchen.com/ar/taxonomy/term/466/all,https://www.goodykitchen.com/ar/
https://www.goodykitchen.com/ar/taxonomy/term/466/all/feed?s=false,https://www.goodykitchen.com/ar/
https://www.goodykitchen.com/ar/taxonomy/term/511/all,https://www.goodykitchen.com/ar/
https://www.goodykitchen.com/ar/taxonomy/term/551/all,https://www.goodykitchen.com/ar/
https://www.goodykitchen.com/ar/taxonomy/term/586/all,https://www.goodykitchen.com/ar/
https://www.goodykitchen.com/ar/taxonomy/term/831/all,https://www.goodykitchen.com/ar/
https://www.goodykitchen.com/ar/taxonomy/term/951/all,https://www.goodykitchen.com/ar/
https://www.goodykitchen.com/ar/taxonomy/term/956/all,https://www.goodykitchen.com/ar/
https://www.goodykitchen.com/ar/taxonomy/term/961/all,https://www.goodykitchen.com/ar/
https://www.goodykitchen.com/ar/taxonomy/term/981/all/feed?s=false,https://www.goodykitchen.com/ar/
https://www.goodykitchen.com/ar/taxonomy/term/996/all,https://www.goodykitchen.com/ar/
https://www.goodykitchen.com/ar/videos-sitemap.xml/,https://www.goodykitchen.com/ar/
https://www.goodykitchen.com/ar/بارفية/,https://www.goodykitchen.com/ar/الوصفات/
https://www.goodykitchen.com/ar/حلى-البينا-كولادا/,https://www.goodykitchen.com/ar/الوصفات/
https://www.goodykitchen.com/ar/شاي-الماسالا/,https://www.goodykitchen.com/ar/الوصفات/
https://www.goodykitchen.com/ar/شوربة-البقول-المكسيكية/,https://www.goodykitchen.com/ar/الوصفات/
https://www.goodykitchen.com/ar/عصافير-زبدة-الفول-السوداني/,https://www.goodykitchen.com/ar/الوصفات/
https://www.goodykitchen.com/ar/‭-‬قادر‭-‬بالقرع‭-‬‬‬‬‬‬‬/,https://www.goodykitchen.com/ar/الوصفات/
https://www.goodykitchen.com/ar/كن-شريك/feed/,https://www.goodykitchen.com/ar/الوصفات/
https://www.goodykitchen.com/ar/كيكة-سويس-رول/,https://www.goodykitchen.com/ar/الوصفات/
https://www.goodykitchen.com/ar/مجلة/,https://www.goodykitchen.com/ar/المجلة/
https://www.goodykitchen.com/ar/مكعبات-الكنافة-بالفستق/,https://www.goodykitchen.com/ar/الوصفات/
https://www.goodykitchen.com/ar/وصفات/page/10/?ID=7/////////////////,https://www.goodykitchen.com/ar/الوصفات/
https://www.goodykitchen.com/ar/وصفات/page/12/?ID=7/////////////,https://www.goodykitchen.com/ar/الوصفات/
https://www.goodykitchen.com/ar/وصفات/page/26/?ID=4///////////////,https://www.goodykitchen.com/ar/الوصفات/
https://www.goodykitchen.com/ar/وصفات/page/5/,https://www.goodykitchen.com/ar/الوصفات/
https://www.goodykitchen.com/ar/وصفات/page/84/?ID=4//////////,https://www.goodykitchen.com/ar/الوصفات/
https://www.goodykitchen.com/en/08/,https://www.goodykitchen.com/en/
https://www.goodykitchen.com/en/chefs/chef-andrew/,https://www.goodykitchen.com/en/recipes/
https://www.goodykitchen.com/en/chefs/chef-sumaya/,https://www.goodykitchen.com/en/recipes/
https://www.goodykitchen.com/en/chefs/easy-and-creative-recipes/,https://www.goodykitchen.com/en/recipes/
https://www.goodykitchen.com/en/chefs/english-chef-sumaya/,https://www.goodykitchen.com/en/recipes/
https://www.goodykitchen.com/en/chefs/goody-kitchen-program-1/,https://www.goodykitchen.com/en/recipes/
https://www.goodykitchen.com/en/chefs/khayriyya-chef-sumaya/,https://www.goodykitchen.com/en/recipes/
https://www.goodykitchen.com/en/contact-us/,https://www.goodykitchen.com/en/contactus/create/
https://www.goodykitchen.com/en/explore-recipes/page/11/?ID=7////////////////////,https://www.goodykitchen.com/en/recipes/
https://www.goodykitchen.com/en/explore-recipes/page/4/?ID=7/////////////////,https://www.goodykitchen.com/en/recipes/
https://www.goodykitchen.com/en/explore-recipes/page/8/?recID=1407&type&CatID=10/////////,https://www.goodykitchen.com/en/recipes/
https://www.goodykitchen.com/en/gk-tip-e-8_1/,https://www.goodykitchen.com/en/blog/tips/
https://www.goodykitchen.com/en/joingkstars/,https://www.goodykitchen.com/en/goody-kitchen-stars/
https://www.goodykitchen.com/en/kitchen-911-category/عربي-home_chefs-tip/,https://www.goodykitchen.com/en/blog/kitchen-911/
https://www.goodykitchen.com/en/magazine/مجلة-4/,https://www.goodykitchen.com/en/magazine/
https://www.goodykitchen.com/en/meal/dinner/page/11/?page=9/////////////,https://www.goodykitchen.com/en/recipes/
https://www.goodykitchen.com/en/meal/dinner/page/15/,https://www.goodykitchen.com/en/recipes/
https://www.goodykitchen.com/en/meal/lunch/,https://www.goodykitchen.com/en/recipes/
https://www.goodykitchen.com/en/mexican-beans-soup/,https://www.goodykitchen.com/en/recipes/mexican-beans-soup/
https://www.goodykitchen.com/en/news/goody-fava-beans,https://www.goodykitchen.com/en/recipes/
https://www.goodykitchen.com/en/node/4681,https://www.goodykitchen.com/en/recipes/
https://www.goodykitchen.com/en/peanut-butter-chocolate-cookies/,https://www.goodykitchen.com/en/recipes/
https://www.goodykitchen.com/en/product/canned/page/4/,https://www.goodykitchen.com/en/canned-fruits-vegetables/
https://www.goodykitchen.com/en/product/canned/page/7/,https://www.goodykitchen.com/en/canned-fruits-vegetables/
https://www.goodykitchen.com/en/product/chick-peas/,https://www.goodykitchen.com/en/canned-fruits-vegetables/
https://www.goodykitchen.com/en/product/chocolate-spread/,https://www.goodykitchen.com/en/spreads/
https://www.goodykitchen.com/en/product/hot-sauce/,https://www.goodykitchen.com/en/condiments/
https://www.goodykitchen.com/en/product/mayonnaise/,https://www.goodykitchen.com/en/condiments/
https://www.goodykitchen.com/en/product/mayonnaise/page/3/,https://www.goodykitchen.com/en/condiments/
https://www.goodykitchen.com/en/product/mustard/page/2/,https://www.goodykitchen.com/en/condiments/
https://www.goodykitchen.com/en/product/natural-vinegar/page/6/,https://www.goodykitchen.com/en/condiments/
https://www.goodykitchen.com/en/product/page/2/,https://www.goodykitchen.com/en/goody-products/
https://www.goodykitchen.com/en/product/pasta,https://www.goodykitchen.com/en/pasta/
https://www.goodykitchen.com/en/product/pasta/page/10/,https://www.goodykitchen.com/en/pasta/
https://www.goodykitchen.com/en/product/pasta/page/4/,https://www.goodykitchen.com/en/pasta/
https://www.goodykitchen.com/en/product/pasta/page/9/,https://www.goodykitchen.com/en/pasta/
https://www.goodykitchen.com/en/product/pasta-sauce/page/4/,https://www.goodykitchen.com/en/condiments/
https://www.goodykitchen.com/en/product/salad-dressing/page/6/,https://www.goodykitchen.com/en/condiments/
https://www.goodykitchen.com/en/product/special-pasta/,https://www.goodykitchen.com/en/pasta/
https://www.goodykitchen.com/en/product/tuna/page/6/,https://www.goodykitchen.com/en/tuna/
https://www.goodykitchen.com/en/product/vegetable-shortening/,https://www.goodykitchen.com/en/canned-fruits-vegetables/
https://www.goodykitchen.com/en/product/velor-sweet-condensed-milk/,https://www.goodykitchen.com/en/dairy/
https://www.goodykitchen.com/en/product/آناناس/page/2/,https://www.goodykitchen.com/en/goody-products/
https://www.goodykitchen.com/en/product/توب-ويب/page/2/,https://www.goodykitchen.com/en/goody-products/
https://www.goodykitchen.com/en/product/سمن-نباتي/,https://www.goodykitchen.com/en/goody-products/
https://www.goodykitchen.com/en/productlists/english-special-pasta/,https://www.goodykitchen.com/en/pasta/
https://www.goodykitchen.com/en/productlists/الجيلاتين/,https://www.goodykitchen.com/en/desserts/
https://www.goodykitchen.com/en/productlists/الخردل/,https://www.goodykitchen.com/en/condiments/
https://www.goodykitchen.com/en/productlists/العسل/,https://www.goodykitchen.com/en/goody-products/
https://www.goodykitchen.com/en/productlists/الفواكه-المعلبة/,https://www.goodykitchen.com/en/canned-fruits-vegetables/
https://www.goodykitchen.com/en/productlists/شيرة-الحلويات-العربية/,https://www.goodykitchen.com/en/goody-products/
https://www.goodykitchen.com/en/productlists/فشار/,https://www.goodykitchen.com/en/goody-products/
https://www.goodykitchen.com/en/productlists/فيلور/,https://www.goodykitchen.com/en/goody-products/
https://www.goodykitchen.com/en/products/pasta,https://www.goodykitchen.com/en/pasta/
https://www.goodykitchen.com/en/products/vegetable-shortening/,https://www.goodykitchen.com/en/canned-fruits-vegetables/
https://www.goodykitchen.com/en/recipe_with_steps/pineapple-strudel/,https://www.goodykitchen.com/en/recipes/
https://www.goodykitchen.com/en/recipe_with_steps/stuffed-breakfast-braid/,https://www.goodykitchen.com/en/recipes/
https://www.goodykitchen.com/en/recipe_with_steps/turkish-bread-rings-simit/,https://www.goodykitchen.com/en/recipes/
https://www.goodykitchen.com/en/recipe-category/main-courses/page/2/,https://www.goodykitchen.com/en/recipes/
https://www.goodykitchen.com/en/recipe-category/main-courses/page/6/,https://www.goodykitchen.com/en/recipes/
https://www.goodykitchen.com/en/recipe-category/main-courses/page/8/,https://www.goodykitchen.com/en/recipes/
https://www.goodykitchen.com/en/recipes/eggplant-pasta-aubergine-cake/,https://www.goodykitchen.com/en/recipes/
https://www.goodykitchen.com/en/recipes/أعشاش-مكرونة-للإفطار/,https://www.goodykitchen.com/en/recipes/
https://www.goodykitchen.com/en/recipes/عربي-طاجن-التونة-بالخضار/,https://www.goodykitchen.com/en/recipes/
https://www.goodykitchen.com/en/recipes/كنافة-الكراميل/,https://www.goodykitchen.com/en/recipes/
https://www.goodykitchen.com/en/search/%D9%83%D9%88%D9%83%D9%8A%D8%B2/,https://www.goodykitchen.com/en/recipes/
https://www.goodykitchen.com/en/وصفات/page/2/,https://www.goodykitchen.com/en/recipes/
https://www.goodykitchen.com/en/وصفات/page/53/,https://www.goodykitchen.com/en/recipes/
https://www.goodykitchen.com/english-register/,https://www.goodykitchen.com/en/login/
https://www.goodykitchen.com/Hotsale/Hotsale20151225-1-22303.html,https://www.goodykitchen.com/en/goody-products/
https://www.goodykitchen.com/Hotsale/Hotsale20151225-13-3593.html,https://www.goodykitchen.com/en/goody-products/
https://www.goodykitchen.com/Hotsale/Hotsale20151225-13-3797.html,https://www.goodykitchen.com/en/goody-products/
https://www.goodykitchen.com/Hotsale/Hotsale20151225-20-994.html,https://www.goodykitchen.com/en/goody-products/
https://www.goodykitchen.com/Hotsale/Hotsale20151225-4-8697.html,https://www.goodykitchen.com/en/goody-products/
https://www.goodykitchen.com/Hotsale/Hotsale20151225-7-1391.html,https://www.goodykitchen.com/en/goody-products/
https://www.goodykitchen.com/Hotsale/Hotsale20151225-9-4801.html,https://www.goodykitchen.com/en/goody-products/
https://www.goodykitchen.com/Hotsale1,https://www.goodykitchen.com/en/goody-products/
https://www.goodykitchen.com/ingredients/لحم-ضأن/,https://www.goodykitchen.com/en/recipes/
https://www.goodykitchen.com/kitchen911,https://www.goodykitchen.com/en/blog/kitchen-911/
https://www.goodykitchen.com/oxycodone-5mg,https://www.goodykitchen.com/en/
https://www.goodykitchen.com/recipes/شوربة-لسان-العصفور-باللحم-و-الفاصوليا/,https://www.goodykitchen.com/en/recipes/
https://www.goodykitchen.com/recipes/مطازيز-باللحم-المفروم-واللبن-و-صوص-الط/,https://www.goodykitchen.com/en/recipes/
https://www.goodykitchen.com/rsUu-Tady-King-Ring_4J4E.html,https://www.goodykitchen.com/en/recipes/
https://www.goodykitchen.com/wp-content/plugins/custom-,https://www.goodykitchen.com/en/
https://www.goodykitchen.com/wp-content/plugins/wp-book,https://www.goodykitchen.com/en/
https://www.goodykitchen.com/wp-content/uploads/2015/10/2014.pdf,https://www.goodykitchen.com/en/
https://www.goodykitchen.com/wp-content/uploads/2016/05/Magazine-2016.pdf,https://www.goodykitchen.com/en/
https://goodykitchen.com/ar/product/مكرونة/page/2/,https://www.goodykitchen.com/ar/باستا/
https://goodykitchen.com/ar/مجلة/,https://www.goodykitchen.com/ar/blog/مقالات/
https://goodykitchen.com/en/recipes/مكرونة-أكواع-مع-الروبيان-وصلصة-كريمة-ا/,https://goodykitchen.com/en/recipes/
https://goodykitchen.com/en/product/vegetable-shortening/,https://www.goodykitchen.com/en/goody-products/
http://m.goodykitchen.com/ar/english-tuna-baguette/,https://www.goodykitchen.com/ar/الوصفات/
http://m.goodykitchen.com/ar/أخرجي-اللحم-التي-تحتاجين-إليه-من-الفريزر-واتركيه-في-درجة-حرارة-الغرفة-بعض-الوقت-كي-يتفكك-وتضمني-استو-170308154837/,https://www.goodykitchen.com/ar/الوصفات/
http://m.goodykitchen.com/ar/الفطيرة-التركية/,https://www.goodykitchen.com/ar/الوصفات/
http://m.goodykitchen.com/ar/الفول-ملك-السفرة-الرمضانية-170503203844/,https://www.goodykitchen.com/ar/الوصفات/
http://m.goodykitchen.com/ar/إنضم-للنجوم/,https://www.goodykitchen.com/ar/نجمات-مطبخ-قودي/
http://m.goodykitchen.com/ar/بارفية/,https://www.goodykitchen.com/ar/الوصفات/
http://m.goodykitchen.com/ar/حلى-البينا-كولادا/,https://www.goodykitchen.com/ar/الوصفات/
http://m.goodykitchen.com/ar/شاي-الماسالا/,https://www.goodykitchen.com/ar/الوصفات/
http://m.goodykitchen.com/ar/شوربة-البقول-المكسيكية/,https://www.goodykitchen.com/ar/الوصفات/
http://m.goodykitchen.com/ar/صينية-عجة-الخضار-في-الفرن/,https://www.goodykitchen.com/ar/الوصفات/
http://m.goodykitchen.com/ar/عصافير-زبدة-الفول-السوداني/,https://www.goodykitchen.com/ar/الوصفات/
http://m.goodykitchen.com/ar/‭-‬قادر‭-‬بالقرع‭-‬‬‬‬‬‬‬/,https://www.goodykitchen.com/ar/الوصفات/
http://m.goodykitchen.com/ar/كانيلوني-بالحشوة-المكسيكية-170324172120/,https://www.goodykitchen.com/ar/الوصفات/
http://m.goodykitchen.com/ar/كوكيز-بزبدة-الفول-السوداني-والشوكلات/,https://www.goodykitchen.com/ar/الوصفات/
http://m.goodykitchen.com/ar/كيكة-التوفي-بالهيل/,https://www.goodykitchen.com/ar/الوصفات/
http://m.goodykitchen.com/ar/كيكة-سويس-رول/,https://www.goodykitchen.com/ar/الوصفات/
http://m.goodykitchen.com/ar/مكرونة-الجبنه-البيضاء-170501121520/,https://www.goodykitchen.com/ar/الوصفات/
http://m.goodykitchen.com/ar/مكعبات-الكنافة-بالفستق/,https://www.goodykitchen.com/ar/الوصفات/
http://m.goodykitchen.com/en/cardamom-toffee-cake/,https://www.goodykitchen.com/en/recipes/
http://m.goodykitchen.com/en/cream-pistachios-kunafa-squares/,https://www.goodykitchen.com/en/recipes/
http://m.goodykitchen.com/en/masala-chai/,https://www.goodykitchen.com/en/recipes/
http://m.goodykitchen.com/en/mexican-beans-soup/,https://www.goodykitchen.com/en/recipes/mexican-beans-soup/
http://m.goodykitchen.com/en/pasta-170501121520/,https://www.goodykitchen.com/en/recipes/
http://m.goodykitchen.com/en/peanut-butter-chocolate-cookies/,https://www.goodykitchen.com/en/recipes/
http://m.goodykitchen.com/en/pineapple-condensed-milk-cake/,https://www.goodykitchen.com/en/recipes/
http://m.goodykitchen.com/en/triple-bean-salad-2/,https://www.goodykitchen.com/en/recipes/triple-bean-salad/
http://m.goodykitchen.com/en/turkish-pie/,https://www.goodykitchen.com/en/recipes/
http://m.goodykitchen.com/en/سلطة-المكرونة/,https://www.goodykitchen.com/en/recipes/