https://www.goodykitchen.com/ar/ingredients/دیگر/page/2/,https://www.goodykitchen.com/ar/الوصفات/
https://www.goodykitchen.com/ar/recipes/english-bechamel-macaroni-casserole/,https://www.goodykitchen.com/ar/الوصفات/
https://www.goodykitchen.com/ar/recipes/حلى-الشعيرية-الكريمي-0/,https://www.goodykitchen.com/ar/الوصفات/
https://www.goodykitchen.com/ar/recipes/كانيلوني-بصوص-البافلو-والجبنة-الزرقاء/,https://www.goodykitchen.com/ar/الوصفات/
https://www.goodykitchen.com/ar/tag/beans/,https://www.goodykitchen.com/ar/الوصفات/
https://www.goodykitchen.com/ar/tag/chocolate-spread/,https://www.goodykitchen.com/ar/الوصفات/
https://www.goodykitchen.com/ar/tag/tendrina/,https://www.goodykitchen.com/ar/الوصفات/
https://www.goodykitchen.com/ar/tag/tortilla/,https://www.goodykitchen.com/ar/الوصفات/
https://www.goodykitchen.com/ar/tag/إسباكيتي/,https://www.goodykitchen.com/ar/الوصفات/
https://www.goodykitchen.com/ar/tag/فاصوليا-كدني/,https://www.goodykitchen.com/ar/الوصفات/
https://www.goodykitchen.com/ar/كيكة‭-‬الحليب‭-‬المكثف‭-‬بالانان/,https://www.goodykitchen.com/ar/الوصفات/
https://www.goodykitchen.com/en/magazine/magazine2012/,https://www.goodykitchen.com/en/magazine/
https://www.goodykitchen.com/en/recipes/آيس-كريم-المارشميلو/,https://www.goodykitchen.com/en/recipes/
https://www.goodykitchen.com/en/tag/graps-leaves/,https://www.goodykitchen.com/en/recipes/
https://www.goodykitchen.com/en/tag/jordanian/,https://www.goodykitchen.com/en/recipes/
https://www.goodykitchen.com/en/tag/sambousas/,https://www.goodykitchen.com/en/recipes/
https://www.goodykitchen.com/en/tag/جمعة-بنات/,https://www.goodykitchen.com/en/recipes/
https://www.goodykitchen.com/en/tag/عصيرات/,https://www.goodykitchen.com/en/recipes/
https://www.goodykitchen.com/en/tag/فيلور-حليب-بودرة/,https://www.goodykitchen.com/en/recipes/
https://www.goodykitchen.com/en/tag/فيلور-حليب-مكثف/,https://www.goodykitchen.com/en/recipes/
https://www.goodykitchen.com/en/tag/فيلور-قشطة/,https://www.goodykitchen.com/en/recipes/
https://www.goodykitchen.com/en/tag/موسيمي/,https://www.goodykitchen.com/en/recipes/
