https://www.goodykitchen.com/en/tag/apple/,https://www.goodykitchen.com/en/recipes/
https://www.goodykitchen.com/en/tag/baguette/,https://www.goodykitchen.com/en/recipes/
https://www.goodykitchen.com/en/tag/banana/,https://www.goodykitchen.com/en/recipes/
https://www.goodykitchen.com/en/tag/beanutbutter/,https://www.goodykitchen.com/en/recipes/
https://www.goodykitchen.com/en/tag/beeef/,https://www.goodykitchen.com/en/recipes/
https://www.goodykitchen.com/en/tag/breaded/,https://www.goodykitchen.com/en/recipes/
https://www.goodykitchen.com/en/tag/breakfast/,https://www.goodykitchen.com/en/recipes/
https://www.goodykitchen.com/en/tag/canned/,https://www.goodykitchen.com/en/recipes/
https://www.goodykitchen.com/en/tag/cappuccino/,https://www.goodykitchen.com/en/recipes/
https://www.goodykitchen.com/en/tag/ceck/,https://www.goodykitchen.com/en/recipes/
https://www.goodykitchen.com/en/tag/chicken/,https://www.goodykitchen.com/en/recipes/
https://www.goodykitchen.com/en/tag/chicken-cube/,https://www.goodykitchen.com/en/recipes/
https://www.goodykitchen.com/en/tag/chicken-stock/,https://www.goodykitchen.com/en/recipes/
https://www.goodykitchen.com/en/tag/chocolate-mousse/,https://www.goodykitchen.com/en/recipes/
https://www.goodykitchen.com/en/tag/chocolate-spread/,https://www.goodykitchen.com/en/recipes/
https://www.goodykitchen.com/en/tag/cleaner-spray/,https://www.goodykitchen.com/en/recipes/
https://www.goodykitchen.com/en/tag/cutting-board/,https://www.goodykitchen.com/en/recipes/
https://www.goodykitchen.com/en/tag/dessert/,https://www.goodykitchen.com/en/recipes/
https://www.goodykitchen.com/en/tag/easy-dessert/,https://www.goodykitchen.com/en/recipes/
https://www.goodykitchen.com/en/tag/family-gatherings/,https://www.goodykitchen.com/en/tag/gathering/
https://www.goodykitchen.com/en/tag/fava-beans/,https://www.goodykitchen.com/en/tag/fava-bean/
https://www.goodykitchen.com/en/tag/french/,https://www.goodykitchen.com/en/recipes/
https://www.goodykitchen.com/en/tag/fusilli/,https://www.goodykitchen.com/en/recipes/
https://www.goodykitchen.com/en/tag/greek/,https://www.goodykitchen.com/en/recipes/
https://www.goodykitchen.com/en/tag/green-olive/,https://www.goodykitchen.com/en/recipes/
https://www.goodykitchen.com/en/tag/green-olives/,https://www.goodykitchen.com/en/recipes/
https://www.goodykitchen.com/en/tag/herbs/,https://www.goodykitchen.com/en/recipes/
https://www.goodykitchen.com/en/tag/kebabs/,https://www.goodykitchen.com/en/recipes/
https://www.goodykitchen.com/en/tag/keck/,https://www.goodykitchen.com/en/recipes/
https://www.goodykitchen.com/en/tag/kenafeh/,https://www.goodykitchen.com/en/recipes/
https://www.goodykitchen.com/en/tag/ketchup/,https://www.goodykitchen.com/en/recipes/
https://www.goodykitchen.com/en/tag/kitchen911/,https://www.goodykitchen.com/en/recipes/
https://www.goodykitchen.com/en/tag/kuwaiti/,https://www.goodykitchen.com/en/recipes/
https://www.goodykitchen.com/en/tag/lamb/,https://www.goodykitchen.com/en/recipes/
https://www.goodykitchen.com/en/tag/love-of-food/,https://www.goodykitchen.com/en/recipes/
https://www.goodykitchen.com/en/tag/main-dish/,https://www.goodykitchen.com/en/recipes/
https://www.goodykitchen.com/en/tag/male-gathering/,https://www.goodykitchen.com/en/tag/gathering/
https://www.goodykitchen.com/en/tag/masoob/,https://www.goodykitchen.com/en/recipes/
https://www.goodykitchen.com/en/tag/meat/,https://www.goodykitchen.com/en/recipes/
https://www.goodykitchen.com/en/tag/meat-ball/,https://www.goodykitchen.com/en/recipes/
https://www.goodykitchen.com/en/tag/mexican/,https://www.goodykitchen.com/en/recipes/
https://www.goodykitchen.com/en/tag/moroccan/,https://www.goodykitchen.com/en/recipes/
https://www.goodykitchen.com/en/tag/mushroom/,https://www.goodykitchen.com/en/recipes/
https://www.goodykitchen.com/en/tag/pasta-special/,https://www.goodykitchen.com/en/tag/pasta/
https://www.goodykitchen.com/en/tag/pastries/,https://www.goodykitchen.com/en/recipes/
https://www.goodykitchen.com/en/tag/pastry-cream/,https://www.goodykitchen.com/en/tag/cream/
https://www.goodykitchen.com/en/tag/pineapple/,https://www.goodykitchen.com/en/recipes/
https://www.goodykitchen.com/en/tag/pomegranate/,https://www.goodykitchen.com/en/recipes/
https://www.goodykitchen.com/en/tag/ramdan/,https://www.goodykitchen.com/en/recipes/
https://www.goodykitchen.com/en/tag/sambusa/,https://www.goodykitchen.com/en/recipes/
https://www.goodykitchen.com/en/tag/seafood/,https://www.goodykitchen.com/en/recipes/
https://www.goodykitchen.com/en/tag/seasonal/,https://www.goodykitchen.com/en/recipes/
https://www.goodykitchen.com/en/tag/seefood/,https://www.goodykitchen.com/en/recipes/
https://www.goodykitchen.com/en/tag/side-dish/,https://www.goodykitchen.com/en/recipes/
https://www.goodykitchen.com/en/tag/special-occasions/,https://www.goodykitchen.com/en/tag/occasions/
https://www.goodykitchen.com/en/tag/sweet-syrup/,https://www.goodykitchen.com/en/recipes/
https://www.goodykitchen.com/en/tag/tajin/,https://www.goodykitchen.com/en/recipes/
https://www.goodykitchen.com/en/tag/tip/,https://www.goodykitchen.com/en/recipes/
https://www.goodykitchen.com/en/tag/top-whip/,https://www.goodykitchen.com/en/recipes/
https://www.goodykitchen.com/en/tag/tural-vinegar/,https://www.goodykitchen.com/en/recipes/
https://www.goodykitchen.com/en/tag/turki/,https://www.goodykitchen.com/en/recipes/
https://www.goodykitchen.com/en/tag/velor/,https://www.goodykitchen.com/en/recipes/
https://www.goodykitchen.com/en/tag/velor-sour/,https://www.goodykitchen.com/en/recipes/
https://www.goodykitchen.com/en/tag/أفغاني/,https://www.goodykitchen.com/en/recipes/
https://www.goodykitchen.com/en/tag/أفوكادو/,https://www.goodykitchen.com/en/recipes/
https://www.goodykitchen.com/en/tag/الشيف-سمية-الادريسي/,https://www.goodykitchen.com/en/recipes/
https://www.goodykitchen.com/en/tag/الفريدو/,https://www.goodykitchen.com/en/recipes/
https://www.goodykitchen.com/en/tag/ايطالي/,https://www.goodykitchen.com/ar/tag/إيطالي/
https://www.goodykitchen.com/en/tag/باستا/,https://www.goodykitchen.com/en/recipes/
https://www.goodykitchen.com/en/tag/تفاح/,https://www.goodykitchen.com/en/recipes/
https://www.goodykitchen.com/en/tag/تقشير-الثوم/,https://www.goodykitchen.com/en/recipes/
https://www.goodykitchen.com/en/tag/توب-ويب/,https://www.goodykitchen.com/en/recipes/
https://www.goodykitchen.com/en/tag/جلسات-خارجية/,https://www.goodykitchen.com/en/recipes/
https://www.goodykitchen.com/en/tag/جمعة-العائلة/,https://www.goodykitchen.com/en/recipes/
https://www.goodykitchen.com/en/tag/جيلاتين/,https://www.goodykitchen.com/en/recipes/
https://www.goodykitchen.com/en/tag/حلويات/,https://www.goodykitchen.com/en/recipes/
https://www.goodykitchen.com/en/tag/حلى-قهوة/,https://www.goodykitchen.com/en/recipes/
https://www.goodykitchen.com/en/tag/دجاج/,https://www.goodykitchen.com/en/recipes/
https://www.goodykitchen.com/en/tag/روتين/,https://www.goodykitchen.com/en/recipes/
https://www.goodykitchen.com/en/tag/زيتون-أخضر/,https://www.goodykitchen.com/en/tag/olives/
https://www.goodykitchen.com/en/tag/سالمون/,https://www.goodykitchen.com/en/recipes/
https://www.goodykitchen.com/en/tag/ساندويتش/,https://www.goodykitchen.com/en/recipes/
https://www.goodykitchen.com/en/tag/سمبوسة/,https://www.goodykitchen.com/en/recipes/
https://www.goodykitchen.com/en/tag/سي-فود/,https://www.goodykitchen.com/en/recipes/
https://www.goodykitchen.com/en/tag/شطة-حارة/,https://www.goodykitchen.com/en/recipes/
https://www.goodykitchen.com/en/tag/شيف-أندرو/,https://www.goodykitchen.com/en/recipes/
https://www.goodykitchen.com/en/tag/صلصة-المكرونة/,https://www.goodykitchen.com/en/tag/tuna/
https://www.goodykitchen.com/en/tag/صيف/,https://www.goodykitchen.com/en/recipes/
https://www.goodykitchen.com/en/tag/طبق-رئيسي/,https://www.goodykitchen.com/en/recipes/
https://www.goodykitchen.com/en/tag/عطلة-نهاية-الأسبوع/,https://www.goodykitchen.com/en/recipes/
https://www.goodykitchen.com/en/tag/غذاء/,https://www.goodykitchen.com/en/recipes/
https://www.goodykitchen.com/en/tag/فاصوليا/,https://www.goodykitchen.com/en/recipes/
https://www.goodykitchen.com/en/tag/فطر/,https://www.goodykitchen.com/en/recipes/
https://www.goodykitchen.com/en/tag/فوسيلي/,https://www.goodykitchen.com/en/recipes/
https://www.goodykitchen.com/en/tag/فول-مدمس/,https://www.goodykitchen.com/en/tag/fava-bean/
https://www.goodykitchen.com/en/tag/كاتشاب/,https://www.goodykitchen.com/en/recipes/
https://www.goodykitchen.com/en/tag/كايتشينو/,https://www.goodykitchen.com/en/recipes/
https://www.goodykitchen.com/en/tag/كبه/,https://www.goodykitchen.com/en/recipes/
https://www.goodykitchen.com/en/tag/كرات-اللحم/,https://www.goodykitchen.com/en/recipes/
https://www.goodykitchen.com/en/tag/كريمة-الباتسير/,https://www.goodykitchen.com/en/recipes/
https://www.goodykitchen.com/en/tag/كنافة/,https://www.goodykitchen.com/en/recipes/
https://www.goodykitchen.com/en/tag/كينوا/,https://www.goodykitchen.com/en/recipes/
https://www.goodykitchen.com/en/tag/لحم-ضأن/,https://www.goodykitchen.com/en/recipes/
https://www.goodykitchen.com/en/tag/لحم-مفروم/,https://www.goodykitchen.com/en/recipes/
https://www.goodykitchen.com/en/tag/لوح-تقطيع/,https://www.goodykitchen.com/en/recipes/
https://www.goodykitchen.com/en/tag/مأكولات-بحرية/,https://www.goodykitchen.com/en/recipes/
https://www.goodykitchen.com/en/tag/متبلات-السلطة/,https://www.goodykitchen.com/en/recipes/
https://www.goodykitchen.com/en/tag/مطبخ/,https://www.goodykitchen.com/en/recipes/
https://www.goodykitchen.com/en/tag/مطبخ-الطوارئ/,https://www.goodykitchen.com/en/recipes/
https://www.goodykitchen.com/en/tag/معصوب/,https://www.goodykitchen.com/en/recipes/
https://www.goodykitchen.com/en/tag/معلبات/,https://www.goodykitchen.com/en/recipes/
https://www.goodykitchen.com/en/tag/مكرونة-مميزة/,https://www.goodykitchen.com/en/tag/tuna/
https://www.goodykitchen.com/en/tag/مكعبات-الدجاج/,https://www.goodykitchen.com/en/recipes/
https://www.goodykitchen.com/en/tag/مناسبات-خاصة/,https://www.goodykitchen.com/ar/tag/مناسبات/
https://www.goodykitchen.com/en/tag/منظف-منزلي/,https://www.goodykitchen.com/en/recipes/
https://www.goodykitchen.com/en/tag/موز/,https://www.goodykitchen.com/en/recipes/
https://www.goodykitchen.com/en/tag/نصيحة/,https://www.goodykitchen.com/en/recipes/
https://www.goodykitchen.com/en/tag/وصفات-تونة/,https://www.goodykitchen.com/en/recipes/
https://www.goodykitchen.com/en/tag/وصفات-رمضانية-سهلة/,https://www.goodykitchen.com/en/tag/ramadan/
https://www.goodykitchen.com/ar/tag/apple/,https://www.goodykitchen.com/ar/الوصفات/
https://www.goodykitchen.com/ar/tag/baguette/,https://www.goodykitchen.com/ar/الوصفات/
https://www.goodykitchen.com/ar/tag/beanutbutter/,https://www.goodykitchen.com/ar/الوصفات/
https://www.goodykitchen.com/ar/tag/beeef/,https://www.goodykitchen.com/ar/الوصفات/
https://www.goodykitchen.com/ar/tag/breaded/,https://www.goodykitchen.com/ar/الوصفات/
https://www.goodykitchen.com/ar/tag/breakfast/,https://www.goodykitchen.com/ar/الوصفات/
https://www.goodykitchen.com/ar/tag/canned/,https://www.goodykitchen.com/ar/الوصفات/
https://www.goodykitchen.com/ar/tag/cappuccino/,https://www.goodykitchen.com/ar/الوصفات/
https://www.goodykitchen.com/ar/tag/casserole/,https://www.goodykitchen.com/ar/الوصفات/
https://www.goodykitchen.com/ar/tag/chicken/,https://www.goodykitchen.com/ar/الوصفات/
https://www.goodykitchen.com/ar/tag/chicken-cube/,https://www.goodykitchen.com/ar/الوصفات/
https://www.goodykitchen.com/ar/tag/cleaner-spray/,https://www.goodykitchen.com/ar/الوصفات/
https://www.goodykitchen.com/ar/tag/coffee-desserts/,https://www.goodykitchen.com/ar/الوصفات/
https://www.goodykitchen.com/ar/tag/dates/,https://www.goodykitchen.com/ar/الوصفات/
https://www.goodykitchen.com/ar/tag/dessert/,https://www.goodykitchen.com/ar/الوصفات/
https://www.goodykitchen.com/ar/tag/dinner/,https://www.goodykitchen.com/ar/الوصفات/
https://www.goodykitchen.com/ar/tag/easy-dessert/,https://www.goodykitchen.com/ar/الوصفات/
https://www.goodykitchen.com/ar/tag/family-gatherings/,https://www.goodykitchen.com/ar/tag/جمعات/
https://www.goodykitchen.com/ar/tag/female-gatherings/,https://www.goodykitchen.com/ar/tag/جمعات/
https://www.goodykitchen.com/ar/tag/fish/,https://www.goodykitchen.com/ar/الوصفات/
https://www.goodykitchen.com/ar/tag/fnatural-vinegar/,https://www.goodykitchen.com/ar/الوصفات/
https://www.goodykitchen.com/ar/tag/fruit/,https://www.goodykitchen.com/ar/الوصفات/
https://www.goodykitchen.com/ar/tag/fusilli/,https://www.goodykitchen.com/ar/الوصفات/
https://www.goodykitchen.com/ar/tag/gelatin/,https://www.goodykitchen.com/ar/الوصفات/
https://www.goodykitchen.com/ar/tag/graps-leaves/,https://www.goodykitchen.com/ar/الوصفات/
https://www.goodykitchen.com/ar/tag/green-olive/,https://www.goodykitchen.com/ar/الوصفات/
https://www.goodykitchen.com/ar/tag/green-olives/,https://www.goodykitchen.com/ar/tag/زيتون/
https://www.goodykitchen.com/ar/tag/hazelnut-chocolate/,https://www.goodykitchen.com/ar/tag/شوكولاتة/
https://www.goodykitchen.com/ar/tag/herbs/,https://www.goodykitchen.com/ar/الوصفات/
https://www.goodykitchen.com/ar/tag/ice-cream/,https://www.goodykitchen.com/ar/tag/قشطة/
https://www.goodykitchen.com/ar/tag/jordanian/,https://www.goodykitchen.com/ar/الوصفات/
https://www.goodykitchen.com/ar/tag/kebabs/,https://www.goodykitchen.com/ar/الوصفات/
https://www.goodykitchen.com/ar/tag/keck/,https://www.goodykitchen.com/ar/الوصفات/
https://www.goodykitchen.com/ar/tag/kenafeh/,https://www.goodykitchen.com/ar/الوصفات/
https://www.goodykitchen.com/ar/tag/ketchup/,https://www.goodykitchen.com/ar/الوصفات/
https://www.goodykitchen.com/ar/tag/kitchen/,https://www.goodykitchen.com/ar/الوصفات/
https://www.goodykitchen.com/ar/tag/kitchen911/,https://www.goodykitchen.com/ar/الوصفات/
https://www.goodykitchen.com/ar/tag/kiwi/,https://www.goodykitchen.com/ar/الوصفات/
https://www.goodykitchen.com/ar/tag/kuwaiti/,https://www.goodykitchen.com/ar/الوصفات/
https://www.goodykitchen.com/ar/tag/lamb/,https://www.goodykitchen.com/ar/الوصفات/
https://www.goodykitchen.com/ar/tag/love/,https://www.goodykitchen.com/ar/الوصفات/
https://www.goodykitchen.com/ar/tag/love-of-food/,https://www.goodykitchen.com/ar/الوصفات/
https://www.goodykitchen.com/ar/tag/main-dish/,https://www.goodykitchen.com/ar/الوصفات/
https://www.goodykitchen.com/ar/tag/male-gathering/,https://www.goodykitchen.com/ar/tag/جمعات/
https://www.goodykitchen.com/ar/tag/masoob/,https://www.goodykitchen.com/ar/الوصفات/
https://www.goodykitchen.com/ar/tag/meat-ball/,https://www.goodykitchen.com/ar/الوصفات/
https://www.goodykitchen.com/ar/tag/mexican/,https://www.goodykitchen.com/ar/الوصفات/
https://www.goodykitchen.com/ar/tag/minced/,https://www.goodykitchen.com/ar/الوصفات/
https://www.goodykitchen.com/ar/tag/minced-meat/,https://www.goodykitchen.com/ar/الوصفات/
https://www.goodykitchen.com/ar/tag/mushroom/,https://www.goodykitchen.com/ar/الوصفات/
https://www.goodykitchen.com/ar/tag/outdoor-area/,https://www.goodykitchen.com/ar/الوصفات/
https://www.goodykitchen.com/ar/tag/pasta-special/,https://www.goodykitchen.com/ar/tag/مكرونة/
https://www.goodykitchen.com/ar/tag/pastries/,https://www.goodykitchen.com/ar/الوصفات/
https://www.goodykitchen.com/ar/tag/pastry-cream/,https://www.goodykitchen.com/ar/tag/قشطة/
https://www.goodykitchen.com/ar/tag/peache/,https://www.goodykitchen.com/ar/tag/خوخ/
https://www.goodykitchen.com/ar/tag/pineapple/,https://www.goodykitchen.com/ar/الوصفات/
https://www.goodykitchen.com/ar/tag/preserves/,https://www.goodykitchen.com/ar/الوصفات/
https://www.goodykitchen.com/ar/tag/pugh-pastry/,https://www.goodykitchen.com/ar/الوصفات/
https://www.goodykitchen.com/ar/tag/quinoa/,https://www.goodykitchen.com/ar/الوصفات/
https://www.goodykitchen.com/ar/tag/ramdan/,https://www.goodykitchen.com/ar/الوصفات/
https://www.goodykitchen.com/ar/tag/salad/,https://www.goodykitchen.com/ar/الوصفات/
https://www.goodykitchen.com/ar/tag/salad-dressing/,https://www.goodykitchen.com/ar/الوصفات/
https://www.goodykitchen.com/ar/tag/salmon/,https://www.goodykitchen.com/ar/الوصفات/
https://www.goodykitchen.com/ar/tag/sandwich/,https://www.goodykitchen.com/ar/الوصفات/
https://www.goodykitchen.com/ar/tag/sandwiches/,https://www.goodykitchen.com/ar/الوصفات/
https://www.goodykitchen.com/ar/tag/seasonal/,https://www.goodykitchen.com/ar/الوصفات/
https://www.goodykitchen.com/ar/tag/seefood/,https://www.goodykitchen.com/ar/الوصفات/
https://www.goodykitchen.com/ar/tag/shrimp/,https://www.goodykitchen.com/ar/الوصفات/
https://www.goodykitchen.com/ar/tag/side-dish/,https://www.goodykitchen.com/ar/الوصفات/
https://www.goodykitchen.com/ar/tag/special-occasions/,https://www.goodykitchen.com/ar/tag/مناسبات/
https://www.goodykitchen.com/ar/tag/summer/,https://www.goodykitchen.com/ar/الوصفات/
https://www.goodykitchen.com/ar/tag/sweet-syrup/,https://www.goodykitchen.com/ar/الوصفات/
https://www.goodykitchen.com/ar/tag/tart/,https://www.goodykitchen.com/ar/الوصفات/
https://www.goodykitchen.com/ar/tag/tip/,https://www.goodykitchen.com/ar/الوصفات/
https://www.goodykitchen.com/ar/tag/tips/,https://www.goodykitchen.com/ar/الوصفات/
https://www.goodykitchen.com/ar/tag/top-whip/,https://www.goodykitchen.com/ar/الوصفات/
https://www.goodykitchen.com/ar/tag/tuna-recipes/,https://www.goodykitchen.com/ar/tag/تونة/
https://www.goodykitchen.com/ar/tag/tural-vinegar/,https://www.goodykitchen.com/ar/الوصفات/
https://www.goodykitchen.com/ar/tag/turki/,https://www.goodykitchen.com/ar/الوصفات/
https://www.goodykitchen.com/ar/tag/vegetable/,https://www.goodykitchen.com/ar/الوصفات/
https://www.goodykitchen.com/ar/tag/vegetarian/,https://www.goodykitchen.com/ar/الوصفات/
https://www.goodykitchen.com/ar/tag/velor/,https://www.goodykitchen.com/ar/الوصفات/
https://www.goodykitchen.com/ar/tag/velor-sour/,https://www.goodykitchen.com/ar/الوصفات/
https://www.goodykitchen.com/ar/tag/vinegar/,https://www.goodykitchen.com/ar/الوصفات/
https://www.goodykitchen.com/ar/tag/weekend/,https://www.goodykitchen.com/ar/الوصفات/
https://www.goodykitchen.com/ar/tag/اردني/,https://www.goodykitchen.com/ar/الوصفات/
https://www.goodykitchen.com/ar/tag/أردني/,https://www.goodykitchen.com/ar/الوصفات/
https://www.goodykitchen.com/ar/tag/ارز/,https://www.goodykitchen.com/ar/الوصفات/
https://www.goodykitchen.com/ar/tag/اطفال/,https://www.goodykitchen.com/ar/tag/أطفال/
https://www.goodykitchen.com/ar/tag/أعشاب/,https://www.goodykitchen.com/ar/الوصفات/
https://www.goodykitchen.com/ar/tag/أفغاني/,https://www.goodykitchen.com/ar/الوصفات/
https://www.goodykitchen.com/ar/tag/أفوكادو/,https://www.goodykitchen.com/ar/الوصفات/
https://www.goodykitchen.com/ar/tag/الفريدو/,https://www.goodykitchen.com/ar/الوصفات/
https://www.goodykitchen.com/ar/tag/امريكي/,https://www.goodykitchen.com/ar/tag/أمريكي/
https://www.goodykitchen.com/ar/tag/أناناس/,https://www.goodykitchen.com/ar/الوصفات/
https://www.goodykitchen.com/ar/tag/ايطالي/,https://www.goodykitchen.com/ar/tag/إيطالي/
https://www.goodykitchen.com/ar/tag/باستا/,https://www.goodykitchen.com/ar/الوصفات/
https://www.goodykitchen.com/ar/tag/برنامج-مطبخ-قودي-الموسم-1/,https://www.goodykitchen.com/ar/الوصفات/
https://www.goodykitchen.com/ar/tag/بف-باستري/,https://www.goodykitchen.com/ar/الوصفات/
https://www.goodykitchen.com/ar/tag/تارت/,https://www.goodykitchen.com/ar/الوصفات/
https://www.goodykitchen.com/ar/tag/تاكو/,https://www.goodykitchen.com/ar/الوصفات/
https://www.goodykitchen.com/ar/tag/تركي/,https://www.goodykitchen.com/ar/الوصفات/
https://www.goodykitchen.com/ar/tag/تفاح/,https://www.goodykitchen.com/ar/الوصفات/
https://www.goodykitchen.com/ar/tag/تمر/,https://www.goodykitchen.com/ar/الوصفات/
https://www.goodykitchen.com/ar/tag/توب-ويب/,https://www.goodykitchen.com/ar/الوصفات/
https://www.goodykitchen.com/ar/tag/تورتيلا/,https://www.goodykitchen.com/ar/الوصفات/
https://www.goodykitchen.com/ar/tag/جلسات-خارجية/,https://www.goodykitchen.com/ar/الوصفات/
https://www.goodykitchen.com/ar/tag/جمعة-الشباب/,https://www.goodykitchen.com/ar/الوصفات/
https://www.goodykitchen.com/ar/tag/جمعة-بنات/,https://www.goodykitchen.com/ar/الوصفات/
https://www.goodykitchen.com/ar/tag/جيلاتين/,https://www.goodykitchen.com/ar/الوصفات/
https://www.goodykitchen.com/ar/tag/حب/,https://www.goodykitchen.com/ar/الوصفات/
https://www.goodykitchen.com/ar/tag/حلويات/,https://www.goodykitchen.com/ar/الوصفات/
https://www.goodykitchen.com/ar/tag/حلى-سهل/,https://www.goodykitchen.com/ar/الوصفات/
https://www.goodykitchen.com/ar/tag/حلى-قهوة/,https://www.goodykitchen.com/ar/الوصفات/
https://www.goodykitchen.com/ar/tag/خضار/,https://www.goodykitchen.com/ar/الوصفات/
https://www.goodykitchen.com/ar/tag/خيارات-أخرى/,https://www.goodykitchen.com/ar/الوصفات/
https://www.goodykitchen.com/ar/tag/دجاج/,https://www.goodykitchen.com/ar/الوصفات/
https://www.goodykitchen.com/ar/tag/رمان/,https://www.goodykitchen.com/ar/الوصفات/
https://www.goodykitchen.com/ar/tag/روتين/,https://www.goodykitchen.com/ar/الوصفات/
https://www.goodykitchen.com/ar/tag/زيتون-أخضر/,https://www.goodykitchen.com/ar/tag/زيتون/
https://www.goodykitchen.com/ar/tag/سالمون/,https://www.goodykitchen.com/ar/الوصفات/
https://www.goodykitchen.com/ar/tag/ساندوتش/,https://www.goodykitchen.com/ar/الوصفات/
https://www.goodykitchen.com/ar/tag/ساندويتش/,https://www.goodykitchen.com/ar/الوصفات/
https://www.goodykitchen.com/ar/tag/سلطة/,https://www.goodykitchen.com/ar/الوصفات/
https://www.goodykitchen.com/ar/tag/سمبوسة/,https://www.goodykitchen.com/ar/الوصفات/
https://www.goodykitchen.com/ar/tag/سي-فود/,https://www.goodykitchen.com/ar/الوصفات/
https://www.goodykitchen.com/ar/tag/شطة-حارة/,https://www.goodykitchen.com/ar/الوصفات/
https://www.goodykitchen.com/ar/tag/صلصة-المكرونة/,https://www.goodykitchen.com/ar/tag/تونة/
https://www.goodykitchen.com/ar/tag/صيف/,https://www.goodykitchen.com/ar/الوصفات/
https://www.goodykitchen.com/ar/tag/طبخ/,https://www.goodykitchen.com/ar/الوصفات/
https://www.goodykitchen.com/ar/tag/طبق-جانبي/,https://www.goodykitchen.com/ar/الوصفات/
https://www.goodykitchen.com/ar/tag/طبق-رئيسي/,https://www.goodykitchen.com/ar/الوصفات/
https://www.goodykitchen.com/ar/tag/عسل/,https://www.goodykitchen.com/ar/الوصفات/
https://www.goodykitchen.com/ar/tag/عشاء/,https://www.goodykitchen.com/ar/الوصفات/
https://www.goodykitchen.com/ar/tag/عصيرات/,https://www.goodykitchen.com/ar/الوصفات/
https://www.goodykitchen.com/ar/tag/عطلة-نهاية-الأسبوع/,https://www.goodykitchen.com/ar/الوصفات/
https://www.goodykitchen.com/ar/tag/غداء/,https://www.goodykitchen.com/ar/الوصفات/
https://www.goodykitchen.com/ar/tag/غذاء/,https://www.goodykitchen.com/ar/الوصفات/
https://www.goodykitchen.com/ar/tag/فاصوليا/,https://www.goodykitchen.com/ar/الوصفات/
https://www.goodykitchen.com/ar/tag/فرنسي/,https://www.goodykitchen.com/ar/الوصفات/
https://www.goodykitchen.com/ar/tag/فطر/,https://www.goodykitchen.com/ar/الوصفات/
https://www.goodykitchen.com/ar/tag/فوسيلي/,https://www.goodykitchen.com/ar/الوصفات/
https://www.goodykitchen.com/ar/tag/فول-مدمس/,https://www.goodykitchen.com/ar/tag/فول/
https://www.goodykitchen.com/ar/tag/فيلور/,https://www.goodykitchen.com/ar/الوصفات/
https://www.goodykitchen.com/ar/tag/فيلور-حليب-بودرة/,https://www.goodykitchen.com/ar/الوصفات/
https://www.goodykitchen.com/ar/tag/فيلور-قشطة/,https://www.goodykitchen.com/ar/الوصفات/
https://www.goodykitchen.com/ar/tag/كاتشاب/,https://www.goodykitchen.com/ar/الوصفات/
https://www.goodykitchen.com/ar/tag/كايتشينو/,https://www.goodykitchen.com/ar/الوصفات/
https://www.goodykitchen.com/ar/tag/كبه/,https://www.goodykitchen.com/ar/الوصفات/
https://www.goodykitchen.com/ar/tag/كرات-اللحم/,https://www.goodykitchen.com/ar/الوصفات/
https://www.goodykitchen.com/ar/tag/كريمة-الباتسير/,https://www.goodykitchen.com/ar/الوصفات/
https://www.goodykitchen.com/ar/tag/كريمة-الشوكولاتة/,https://www.goodykitchen.com/ar/tag/شوكولاتة/
https://www.goodykitchen.com/ar/tag/كلوب-ساندويتش/,https://www.goodykitchen.com/ar/الوصفات/
https://www.goodykitchen.com/ar/tag/كنافة/,https://www.goodykitchen.com/ar/الوصفات/
https://www.goodykitchen.com/ar/tag/كويتي/,https://www.goodykitchen.com/ar/الوصفات/
https://www.goodykitchen.com/ar/tag/كيك/,https://www.goodykitchen.com/ar/الوصفات/
https://www.goodykitchen.com/ar/tag/كيوي/,https://www.goodykitchen.com/ar/الوصفات/
https://www.goodykitchen.com/ar/tag/لحم-بقري/,https://www.goodykitchen.com/ar/الوصفات/
https://www.goodykitchen.com/ar/tag/لحم-ضأن/,https://www.goodykitchen.com/ar/الوصفات/
https://www.goodykitchen.com/ar/tag/لحم-مفروم/,https://www.goodykitchen.com/ar/الوصفات/
https://www.goodykitchen.com/ar/tag/مأكولات-بحرية/,https://www.goodykitchen.com/ar/الوصفات/
https://www.goodykitchen.com/ar/tag/متبلات-السلطة/,https://www.goodykitchen.com/ar/الوصفات/
https://www.goodykitchen.com/ar/tag/مشروب/,https://www.goodykitchen.com/ar/الوصفات/
https://www.goodykitchen.com/ar/tag/مطبخ/,https://www.goodykitchen.com/ar/الوصفات/
https://www.goodykitchen.com/ar/tag/مطبخ-الطوارئ/,https://www.goodykitchen.com/ar/الوصفات/
https://www.goodykitchen.com/ar/tag/معجنات/,https://www.goodykitchen.com/ar/الوصفات/
https://www.goodykitchen.com/ar/tag/معصوب/,https://www.goodykitchen.com/ar/الوصفات/
https://www.goodykitchen.com/ar/tag/مغربي/,https://www.goodykitchen.com/ar/الوصفات/
https://www.goodykitchen.com/ar/tag/مكرونة-مميزة/,https://www.goodykitchen.com/ar/tag/تونة/
https://www.goodykitchen.com/ar/tag/مكعبات-الدجاج/,https://www.goodykitchen.com/ar/الوصفات/
https://www.goodykitchen.com/ar/tag/مناسبات-خاصة/,https://www.goodykitchen.com/ar/tag/مناسبات/
https://www.goodykitchen.com/ar/tag/موز/,https://www.goodykitchen.com/ar/الوصفات/
https://www.goodykitchen.com/ar/tag/موس-شوكلاتة/,https://www.goodykitchen.com/ar/الوصفات/
https://www.goodykitchen.com/ar/tag/موسيمي/,https://www.goodykitchen.com/ar/الوصفات/
https://www.goodykitchen.com/ar/tag/نباتي/,https://www.goodykitchen.com/ar/الوصفات/
https://www.goodykitchen.com/ar/tag/نصائح/,https://www.goodykitchen.com/ar/الوصفات/
https://www.goodykitchen.com/ar/tag/نصائح-المطبخ/,https://www.goodykitchen.com/ar/الوصفات/
https://www.goodykitchen.com/ar/tag/نصيحة/,https://www.goodykitchen.com/ar/الوصفات/
https://www.goodykitchen.com/ar/tag/وصفات-تونة/,https://www.goodykitchen.com/ar/الوصفات/
https://www.goodykitchen.com/ar/tag/وصفات-هتون-قاضي/,https://www.goodykitchen.com/ar/الوصفات/
