https://www.goodykitchen.com/pasta,https://www.goodykitchen.com/ar/%D8%A8%D8%A7%D8%B3%D8%AA%D8%A7/
https://www.goodykitchen.com/tuna,https://www.goodykitchen.com/ar/%D8%AA%D9%88%D9%86%D8%A9/
https://www.goodykitchen.com/condiments,https://www.goodykitchen.com/ar/%D8%AA%D9%88%D8%A7%D8%A8%D9%84/
https://www.goodykitchen.com/spreads,https://www.goodykitchen.com/ar/%D8%A7%D9%84%D9%82%D8%A7%D8%A8%D9%84%D8%A9-%D9%84%D9%84%D8%AF%D9%87%D9%86/
https://www.goodykitchen.com/canned-fruits-vegetables,https://www.goodykitchen.com/ar/%D8%A7%D9%84%D9%81%D9%88%D8%A7%D9%83%D9%87-%D9%88%D8%A7%D9%84%D8%AE%D8%B6%D8%B1%D9%88%D8%A7%D8%AA-%D8%A7%D9%84%D9%85%D8%B9%D9%84%D8%A8%D8%A9/
https://www.goodykitchen.com/velor,https://www.goodykitchen.com/ar/%DA%A4%D9%8A%D9%84%D9%88%D8%B1/
https://www.goodykitchen.com/bouillon-soup,https://www.goodykitchen.com/ar/%D8%A7%D9%84%D9%85%D8%B1%D9%82%D8%A9-%D9%88%D8%A7%D9%84%D8%B4%D9%88%D8%B1%D8%A8%D8%A9/
https://www.goodykitchen.com/nectars,https://www.goodykitchen.com/ar/%D9%86%D9%83%D8%AA%D8%A7%D8%B1/
https://www.goodykitchen.com/desserts,https://www.goodykitchen.com/ar/%D8%A7%D9%84%D8%AD%D9%84%D9%88%D9%8A%D8%A7%D8%AA/
https://www.goodykitchen.com/cofique,https://www.goodykitchen.com/ar/%D9%83%D9%88%D9%81%D9%8A%D9%83/
https://www.goodykitchen.com/omelac,https://www.goodykitchen.com/ar/%D8%A3%D9%88%D9%85%D9%8A%D9%84%D8%A7%D9%83/
https://www.goodykitchen.com/snacks,https://www.goodykitchen.com/ar/%D9%88%D8%AC%D8%A8%D8%A7%D8%AA-%D8%AE%D9%81%D9%8A%D9%81%D8%A9/
